TIMESTAMP,ContextTokens,GeneratedTokens
2023-11-16 18:16:00.9738990,4085,62
2023-11-16 18:16:06.6257870,4081,74
2023-11-16 18:16:11.9304300,4073,58
2023-11-16 18:16:16.3666680,4074,50
2023-11-16 18:16:25.0732320,4094,82
2023-11-16 18:16:25.7725050,4088,37
2023-11-16 18:16:32.7829110,4079,27
2023-11-16 18:16:33.3587340,4107,49
2023-11-16 18:16:34.7261190,4076,60
2023-11-16 18:16:44.4613430,4082,44
2023-11-16 18:16:51.6213800,4074,40
2023-11-16 18:16:59.8200270,4081,38
2023-11-16 18:17:17.9894550,4083,44
2023-11-16 18:17:18.9701430,4088,41
2023-11-16 18:17:21.6721570,4085,52
2023-11-16 18:17:31.2401180,4078,49
2023-11-16 18:17:32.7925140,4083,38
2023-11-16 18:17:45.0778770,4077,81
2023-11-16 18:17:46.0234340,4075,91
2023-11-16 18:17:46.1402350,4105,67
2023-11-16 18:17:47.5484570,4082,104
2023-11-16 18:17:54.5548400,4085,59
2023-11-16 18:17:54.5711160,4090,56
2023-11-16 18:18:01.0522490,4083,67
2023-11-16 18:18:02.0813090,4078,46
2023-11-16 18:18:05.2565930,4086,64
2023-11-16 18:18:10.0873350,4093,91
2023-11-16 18:18:13.7206960,4101,58
2023-11-16 18:18:14.9582190,4080,74
2023-11-16 18:18:17.5874790,4082,50
2023-11-16 18:18:24.1511450,4084,34
2023-11-16 18:18:24.3488640,4091,40
2023-11-16 18:18:24.6807160,4076,38
2023-11-16 18:18:27.7341810,4099,55
2023-11-16 18:18:28.3826180,4074,50
2023-11-16 18:18:29.4372930,4076,51
2023-11-16 18:18:31.2597480,4088,67
2023-11-16 18:18:31.5319360,4086,37
2023-11-16 18:18:32.9188810,4090,45
2023-11-16 18:18:34.4744130,4089,67
2023-11-16 18:18:35.4522050,4083,62
2023-11-16 18:18:36.3352620,4088,107
2023-11-16 18:18:36.5610440,4073,29
2023-11-16 18:18:36.9009410,3067,101
2023-11-16 18:18:42.8044870,4075,63
2023-11-16 18:18:44.0156230,4082,210
2023-11-16 18:18:45.4495910,4074,67
2023-11-16 18:18:46.2380980,4096,45
2023-11-16 18:18:47.3050460,4080,35
2023-11-16 18:18:48.8193570,4076,92
2023-11-16 18:18:50.4570040,4075,52
2023-11-16 18:18:51.7592250,4082,31
2023-11-16 18:18:52.6021970,4083,46
2023-11-16 18:18:53.0162570,4119,36
2023-11-16 18:18:53.8966600,3053,69
2023-11-16 18:18:53.9893020,4080,61
2023-11-16 18:18:55.5677710,4078,62
2023-11-16 18:18:57.1897410,4132,75
2023-11-16 18:19:01.5718270,4077,40
2023-11-16 18:19:02.1242220,4085,53
2023-11-16 18:19:02.1689510,4126,113
2023-11-16 18:19:02.5711640,4075,58
2023-11-16 18:19:04.1450200,4089,68
2023-11-16 18:19:04.7655230,4095,50
2023-11-16 18:19:06.2590390,4084,66
2023-11-16 18:19:07.8327280,4075,28
2023-11-16 18:19:09.1195340,4100,48
2023-11-16 18:19:11.0003980,4091,87
2023-11-16 18:19:15.1191840,3744,67
2023-11-16 18:19:17.1876740,4093,35
2023-11-16 18:19:18.9132090,4145,40
2023-11-16 18:19:19.5766160,4070,77
2023-11-16 18:19:19.6287820,4093,48
2023-11-16 18:19:19.9516330,4093,60
2023-11-16 18:19:20.2020770,4122,51
2023-11-16 18:19:20.6617880,4084,36
2023-11-16 18:19:20.6840140,4091,42
2023-11-16 18:19:25.3428590,4082,49
2023-11-16 18:19:25.4593490,4079,53
2023-11-16 18:19:26.1491810,4119,59
2023-11-16 18:19:27.3604430,4099,53
2023-11-16 18:19:27.5589950,4074,28
2023-11-16 18:19:31.8697660,4122,73
2023-11-16 18:19:31.9496980,4076,39
2023-11-16 18:19:32.3776190,4082,128
2023-11-16 18:19:33.9745910,4085,37
2023-11-16 18:19:34.9402560,4122,64
2023-11-16 18:19:37.3491540,4089,50
2023-11-16 18:19:39.8381470,4075,39
2023-11-16 18:19:41.7741420,4074,74
2023-11-16 18:19:43.4913680,4086,75
2023-11-16 18:19:44.2605140,4089,84
2023-11-16 18:19:44.4666230,4089,79
2023-11-16 18:19:46.0578640,4071,46
2023-11-16 18:19:50.1184910,4085,144
2023-11-16 18:19:53.2546630,4083,97
2023-11-16 18:20:00.1820790,4076,104
2023-11-16 18:20:00.3990360,4076,59
2023-11-16 18:20:01.4268110,6066,74
2023-11-16 18:20:01.6262450,4075,136
2023-11-16 18:20:01.7541150,4120,115
2023-11-16 18:20:16.2435300,4079,142
2023-11-16 18:20:17.2401910,4077,42
2023-11-16 18:20:20.3239240,4100,48
2023-11-16 18:20:25.3916710,3411,64
2023-11-16 18:20:25.8672020,4138,84
2023-11-16 18:20:30.8532550,4082,50
2023-11-16 18:20:34.0320230,4087,103
2023-11-16 18:20:37.3238910,3243,116
2023-11-16 18:20:40.9572200,4079,58
2023-11-16 18:20:50.0714790,4073,36
2023-11-16 18:20:50.9466450,4081,41
2023-11-16 18:20:51.8999900,4086,53
2023-11-16 18:20:54.3053640,4083,37
2023-11-16 18:20:54.8298700,4075,53
2023-11-16 18:20:56.7101550,7930,49
2023-11-16 18:20:58.1640530,4076,39
2023-11-16 18:20:59.2779780,3287,47
2023-11-16 18:20:59.9551140,3243,82
2023-11-16 18:21:10.1602040,4083,124
2023-11-16 18:21:22.7849160,4085,54
2023-11-16 18:21:23.2127770,3021,135
2023-11-16 18:21:24.0266850,4082,400
2023-11-16 18:21:27.9223170,4073,38
2023-11-16 18:21:29.6023940,3021,135
2023-11-16 18:21:32.2319680,4097,43
2023-11-16 18:21:35.4037260,3585,125
2023-11-16 18:21:37.6611850,4092,44
2023-11-16 18:21:42.0689400,4077,42
2023-11-16 18:21:47.3240970,4090,61
2023-11-16 18:21:47.7427830,4076,48
2023-11-16 18:21:48.6395630,4721,59
2023-11-16 18:21:53.7591410,4078,42
2023-11-16 18:21:55.0433960,4083,42
2023-11-16 18:21:56.9119140,4132,60
2023-11-16 18:22:01.4016850,4093,68
2023-11-16 18:22:01.9192480,4484,64
2023-11-16 18:22:03.4819190,6445,51
2023-11-16 18:22:04.8964890,4086,47
2023-11-16 18:22:09.4747810,4083,53
2023-11-16 18:22:19.3573520,4072,56
2023-11-16 18:22:21.8053450,4086,41
2023-11-16 18:22:22.3898920,4088,37
2023-11-16 18:22:22.6154830,4090,83
2023-11-16 18:22:23.5352340,4085,41
2023-11-16 18:22:27.7521060,4074,83
2023-11-16 18:22:29.8770920,4086,35
2023-11-16 18:22:33.4468410,4086,63
2023-11-16 18:22:37.0950650,4091,44
2023-11-16 18:22:39.4550310,4091,78
2023-11-16 18:22:40.6325580,4091,46
2023-11-16 18:22:40.8584120,4076,27
2023-11-16 18:22:45.7542090,4106,99
2023-11-16 18:22:54.9115970,4081,53
2023-11-16 18:23:16.3572160,4084,81
2023-11-16 18:23:16.5399250,4077,56
2023-11-16 18:23:25.8130010,4079,32
2023-11-16 18:23:26.3975050,4125,55
2023-11-16 18:23:36.1832480,4091,50
2023-11-16 18:23:37.9567630,4086,71
2023-11-16 18:23:45.6923460,4080,59
2023-11-16 18:23:47.6506810,4088,363
2023-11-16 18:23:48.7350180,4090,65
2023-11-16 18:23:51.9116190,4085,28
2023-11-16 18:23:56.5367920,4081,45
2023-11-16 18:23:58.3615530,4077,41
2023-11-16 18:24:05.7131950,4089,26
2023-11-16 18:24:06.1595510,3476,125
2023-11-16 18:24:07.3803910,4124,73
2023-11-16 18:24:10.0458040,4076,72
2023-11-16 18:24:12.2304810,3476,118
2023-11-16 18:24:16.3366620,4078,54
2023-11-16 18:24:17.8169780,4071,56
2023-11-16 18:24:18.6266410,4096,51
2023-11-16 18:24:19.1857620,4162,78
2023-11-16 18:24:22.0841450,4164,63
2023-11-16 18:24:25.2634960,4098,102
2023-11-16 18:24:27.1269560,4077,61
2023-11-16 18:24:27.6362040,4152,165
2023-11-16 18:24:27.8515660,4089,56
2023-11-16 18:24:29.8392220,4076,39
2023-11-16 18:24:33.0613170,4085,56
2023-11-16 18:24:33.9483010,3030,46
2023-11-16 18:24:37.2040880,4087,44
2023-11-16 18:24:38.0951430,4107,57
2023-11-16 18:24:41.1962680,4070,37
2023-11-16 18:24:43.2153960,4084,61
2023-11-16 18:24:43.5065050,3030,46
2023-11-16 18:24:45.2557160,4191,51
2023-11-16 18:24:46.8988240,4093,52
2023-11-16 18:24:48.0981640,4086,32
2023-11-16 18:24:48.2285640,4079,79
2023-11-16 18:24:50.3744540,4101,52
2023-11-16 18:24:52.0195090,4079,163
2023-11-16 18:24:53.8176710,3607,73
2023-11-16 18:24:55.0188110,4076,46
2023-11-16 18:24:55.7176280,4075,51
2023-11-16 18:24:57.0993970,4085,58
2023-11-16 18:24:59.3932290,4138,73
2023-11-16 18:24:59.8525390,4069,46
2023-11-16 18:25:07.7968540,4089,85
2023-11-16 18:25:12.9209350,4095,87
2023-11-16 18:25:15.5981450,4101,25
2023-11-16 18:25:16.1046830,4074,200
2023-11-16 18:25:16.8002060,4085,41
2023-11-16 18:25:17.0646240,4076,50
2023-11-16 18:25:20.4440250,4090,41
2023-11-16 18:25:20.8947290,4105,38
2023-11-16 18:25:21.4902830,4074,42
2023-11-16 18:25:21.6537140,4088,37
2023-11-16 18:25:23.6060860,4088,61
2023-11-16 18:25:25.7705930,4075,62
2023-11-16 18:25:28.0747500,4123,76
2023-11-16 18:25:34.6580980,4185,31
2023-11-16 18:25:35.8042410,4100,180
2023-11-16 18:25:37.3815990,4623,59
2023-11-16 18:25:38.5073330,4100,52
2023-11-16 18:25:39.8312910,4094,105
2023-11-16 18:25:42.4464480,4114,47
2023-11-16 18:25:45.8455350,4078,42
2023-11-16 18:25:47.9922960,4095,36
2023-11-16 18:25:52.7190310,4074,68
2023-11-16 18:25:55.0261440,4093,61
2023-11-16 18:25:57.6381000,4089,41
2023-11-16 18:25:58.5715450,3340,60
2023-11-16 18:25:59.3354860,4090,57
2023-11-16 18:26:02.1822770,4109,47
2023-11-16 18:26:03.5762810,4152,83
2023-11-16 18:26:03.9028210,3340,58
2023-11-16 18:26:07.8029040,4083,58
2023-11-16 18:26:10.6121340,4092,70
2023-11-16 18:26:11.2803730,4072,35
2023-11-16 18:26:14.3125720,4073,371
2023-11-16 18:26:14.4986010,4093,67
2023-11-16 18:26:17.4502490,4106,93
2023-11-16 18:26:17.8918700,4077,43
2023-11-16 18:26:19.1252580,4094,40
2023-11-16 18:26:22.9072190,4089,100
2023-11-16 18:26:23.7623210,4090,40
2023-11-16 18:26:23.7906530,4077,33
2023-11-16 18:26:25.7378470,4084,40
2023-11-16 18:26:27.5636800,4081,32
2023-11-16 18:26:27.8694690,4107,46
2023-11-16 18:26:29.2498660,4085,58
2023-11-16 18:26:30.1245040,4085,26
2023-11-16 18:26:32.1246140,4086,48
2023-11-16 18:26:39.4844860,3089,46
2023-11-16 18:26:40.1652650,4083,64
2023-11-16 18:26:40.5100840,3810,72
2023-11-16 18:26:44.7407340,4974,132
2023-11-16 18:26:47.2771330,4080,71
2023-11-16 18:26:47.8934540,4075,63
2023-11-16 18:26:50.1770620,4076,31
2023-11-16 18:26:51.6749970,3810,48
2023-11-16 18:26:52.0447420,4090,665
2023-11-16 18:26:57.6616290,3089,46
2023-11-16 18:26:57.9160920,5069,56
2023-11-16 18:27:01.3061750,4085,43
2023-11-16 18:27:02.1342330,4974,132
2023-11-16 18:27:02.7538080,4921,50
2023-11-16 18:27:06.2871320,4085,31
2023-11-16 18:27:06.8315860,4087,73
2023-11-16 18:27:07.0716740,4074,169
2023-11-16 18:27:11.3067820,4080,51
2023-11-16 18:27:11.9255770,4153,26
2023-11-16 18:27:12.5981210,5020,70
2023-11-16 18:27:16.6013200,4078,66
2023-11-16 18:27:18.9964160,4090,54
2023-11-16 18:27:19.2400620,4080,138
2023-11-16 18:27:20.9392230,4083,31
2023-11-16 18:27:22.5080280,4090,48
2023-11-16 18:27:23.3510390,4088,38
2023-11-16 18:27:25.4040290,4079,66
2023-11-16 18:27:26.4068830,4081,38
2023-11-16 18:27:29.4263760,4072,49
2023-11-16 18:27:31.3030940,4083,53
2023-11-16 18:27:34.0072060,4079,60
2023-11-16 18:27:37.5709180,4087,30
2023-11-16 18:27:38.3067760,4076,30
2023-11-16 18:27:39.3972130,4082,90
2023-11-16 18:27:39.5672540,4131,28
2023-11-16 18:27:42.8370420,4076,37
2023-11-16 18:27:45.1121170,4080,40
2023-11-16 18:27:50.0438590,4088,38
2023-11-16 18:27:54.3947400,4101,138
2023-11-16 18:27:55.6048300,4116,132
2023-11-16 18:27:56.1562140,4096,50
2023-11-16 18:27:58.6424820,4087,38
2023-11-16 18:28:00.0099810,4080,47
2023-11-16 18:28:02.9743480,4073,48
2023-11-16 18:28:03.6909870,4080,75
2023-11-16 18:28:03.8025750,4175,42
2023-11-16 18:28:06.1401490,4091,120
2023-11-16 18:28:10.8826480,4076,42
2023-11-16 18:28:11.3802640,4079,76
2023-11-16 18:28:12.1159790,6472,96
2023-11-16 18:28:12.1313140,4113,78
2023-11-16 18:28:15.5599800,4148,62
2023-11-16 18:28:17.3763540,4094,45
2023-11-16 18:28:18.4503150,4093,28
2023-11-16 18:28:19.1562890,4078,49
2023-11-16 18:28:27.9674520,4075,27
2023-11-16 18:28:28.7763520,4072,45
2023-11-16 18:28:29.3791890,4073,37
2023-11-16 18:28:29.5720060,4143,95
2023-11-16 18:28:30.8959850,4074,44
2023-11-16 18:28:33.5432560,4081,103
2023-11-16 18:28:34.0079520,4076,33
2023-11-16 18:28:35.1034680,6472,96
2023-11-16 18:28:36.4428430,4092,67
2023-11-16 18:28:41.3918270,4079,482
2023-11-16 18:28:42.4126030,4075,42
2023-11-16 18:28:44.1671490,4079,29
2023-11-16 18:28:47.1520290,4082,69
2023-11-16 18:28:47.1562330,4085,63
2023-11-16 18:28:49.1105500,4076,49
2023-11-16 18:28:53.9788780,4082,85
2023-11-16 18:29:00.4886600,3042,99
2023-11-16 18:29:01.1868650,4089,57
2023-11-16 18:29:01.3085430,4081,41
2023-11-16 18:29:01.9910040,4086,34
2023-11-16 18:29:03.9418930,4080,38
2023-11-16 18:29:04.2842230,4073,98
2023-11-16 18:29:06.0367580,4098,90
2023-11-16 18:29:06.1227630,4096,26
2023-11-16 18:29:06.9487650,4087,68
2023-11-16 18:29:11.3318230,4086,63
2023-11-16 18:29:11.7149750,4096,44
2023-11-16 18:29:13.0302920,4075,41
2023-11-16 18:29:14.3847420,4090,110
2023-11-16 18:29:19.5055870,4076,75
2023-11-16 18:29:19.6389310,4090,57
2023-11-16 18:29:21.7011580,4073,47
2023-11-16 18:29:24.8820260,4087,73
2023-11-16 18:29:34.4278170,4088,37
2023-11-16 18:29:34.6997630,4075,37
2023-11-16 18:29:34.7406880,4085,48
2023-11-16 18:29:35.3356110,4077,59
2023-11-16 18:29:35.9217840,4083,37
2023-11-16 18:29:36.4215610,4086,50
2023-11-16 18:29:36.9301140,4083,31
2023-11-16 18:29:39.3795910,4081,58
2023-11-16 18:29:40.7607450,4083,52
2023-11-16 18:29:45.1218420,4082,49
2023-11-16 18:29:46.2295840,4076,51
2023-11-16 18:29:49.3694310,4085,51
2023-11-16 18:29:54.8821390,4100,37
2023-11-16 18:29:55.1004440,4077,35
2023-11-16 18:30:12.7120680,4078,31
2023-11-16 18:30:14.6419760,4123,48
2023-11-16 18:30:22.6150240,4075,37
2023-11-16 18:30:25.6727450,4143,44
2023-11-16 18:30:30.2484240,4078,49
2023-11-16 18:30:34.7511060,4075,69
2023-11-16 18:30:48.1095350,4081,36
2023-11-16 18:30:51.5028770,3250,92
2023-11-16 18:30:58.7910120,4103,62
2023-11-16 18:31:03.2291030,4075,36
2023-11-16 18:31:05.8147690,4074,49
2023-11-16 18:31:11.6145060,4100,134
2023-11-16 18:31:16.5405760,4086,43
2023-11-16 18:31:21.9058630,4076,28
2023-11-16 18:31:21.9478470,4137,36
2023-11-16 18:31:23.0233930,4092,44
2023-11-16 18:31:29.6201580,3115,117
2023-11-16 18:31:38.0245390,4083,39
2023-11-16 18:31:39.4956020,3115,105
2023-11-16 18:31:39.6640060,4075,69
2023-11-16 18:31:42.5438530,4142,37
2023-11-16 18:31:47.7334660,4089,89
2023-11-16 18:31:51.6663780,4098,60
2023-11-16 18:31:57.1600940,4078,30
2023-11-16 18:31:57.9267050,4084,34
2023-11-16 18:31:59.9296700,4782,63
2023-11-16 18:32:03.4848410,4085,35
2023-11-16 18:32:09.7813590,4080,27
2023-11-16 18:32:11.2711310,4083,46
2023-11-16 18:32:22.7593050,4085,111
2023-11-16 18:32:22.8017780,4092,105
2023-11-16 18:32:22.8891500,4089,48
2023-11-16 18:32:23.3433800,4081,129
2023-11-16 18:32:32.8229340,4085,68
2023-11-16 18:32:36.1117150,4078,28
2023-11-16 18:32:40.2442370,4088,59
2023-11-16 18:32:41.9562820,4085,47
2023-11-16 18:32:44.8434560,4076,44
2023-11-16 18:32:54.4255630,4077,41
2023-11-16 18:32:56.9608830,4116,43
2023-11-16 18:32:59.4382960,4088,49
2023-11-16 18:32:59.6565340,4085,150
2023-11-16 18:33:02.3285620,4093,76
2023-11-16 18:33:07.7847870,4123,40
2023-11-16 18:33:11.5682760,4139,40
2023-11-16 18:33:13.0108760,4083,59
2023-11-16 18:33:15.6647710,4105,65
2023-11-16 18:33:27.1148020,4076,136
2023-11-16 18:33:28.4516930,4089,86
2023-11-16 18:33:29.6565720,4072,237
2023-11-16 18:33:30.1541350,4076,35
2023-11-16 18:33:31.2481890,4080,51
2023-11-16 18:33:31.5426080,4093,71
2023-11-16 18:33:37.6302920,4076,29
2023-11-16 18:33:39.1121970,4100,46
2023-11-16 18:33:41.9241770,4082,44
2023-11-16 18:33:46.0989220,3115,66
2023-11-16 18:33:46.3605300,3313,51
2023-11-16 18:33:47.8978870,4079,55
2023-11-16 18:33:53.1005700,4111,38
2023-11-16 18:34:00.6718770,4101,79
2023-11-16 18:34:02.9093810,4085,48
2023-11-16 18:34:03.9322460,4079,54
2023-11-16 18:34:04.2600850,4093,34
2023-11-16 18:34:04.8693050,3222,54
2023-11-16 18:34:05.7435410,4128,41
2023-11-16 18:34:06.5527450,4084,47
2023-11-16 18:34:09.4347270,4080,155
2023-11-16 18:34:11.6450400,4075,40
2023-11-16 18:34:14.5310770,4079,40
2023-11-16 18:34:15.4040510,4090,48
2023-11-16 18:34:16.1383100,14050,39
2023-11-16 18:34:16.7963470,4134,49
2023-11-16 18:34:18.9883850,4078,494
2023-11-16 18:34:19.5506100,4081,43
2023-11-16 18:34:22.2624930,4130,48
2023-11-16 18:34:22.7521510,4090,41
2023-11-16 18:34:24.9171610,4080,54
2023-11-16 18:34:25.1975990,4085,79
2023-11-16 18:34:25.8688430,4081,39
2023-11-16 18:34:27.1419210,4091,34
2023-11-16 18:34:27.4345820,4085,94
2023-11-16 18:34:28.0350890,4084,36
2023-11-16 18:34:28.4296200,4082,41
2023-11-16 18:34:30.0088210,4092,113
2023-11-16 18:34:31.5777230,4081,28
2023-11-16 18:34:34.7135280,4089,101
2023-11-16 18:34:40.9306020,4142,139
2023-11-16 18:34:43.5885360,4094,333
2023-11-16 18:34:43.7515050,4122,162
2023-11-16 18:34:46.4463190,4078,68
2023-11-16 18:34:46.5222170,4074,98
2023-11-16 18:34:46.9022510,4079,59
2023-11-16 18:34:48.1253690,4077,32
2023-11-16 18:34:48.6624930,4092,56
2023-11-16 18:34:51.5166750,4085,116
2023-11-16 18:34:53.7313510,4097,52
2023-11-16 18:34:53.8592930,4099,70
2023-11-16 18:34:55.3195720,4089,61
2023-11-16 18:34:55.7787980,4082,125
2023-11-16 18:34:55.8739470,4105,78
2023-11-16 18:34:55.8945290,4095,54
2023-11-16 18:34:59.8764450,4081,60
2023-11-16 18:35:00.6224470,4078,63
2023-11-16 18:35:01.8187370,4089,112
2023-11-16 18:35:03.4813600,4073,30
2023-11-16 18:35:03.8949840,4086,41
2023-11-16 18:35:05.7808020,4079,169
2023-11-16 18:35:06.4258650,4078,41
2023-11-16 18:35:08.0215480,4089,34
2023-11-16 18:35:11.6747760,4078,47
2023-11-16 18:35:11.8405760,4079,81
2023-11-16 18:35:16.8979200,4099,63
2023-11-16 18:35:18.1849200,4099,36
2023-11-16 18:35:18.2794150,4094,39
2023-11-16 18:35:18.8534650,4101,106
2023-11-16 18:35:18.9179280,4104,62
2023-11-16 18:35:18.9750710,4091,42
2023-11-16 18:35:20.2631980,4087,50
2023-11-16 18:35:20.5066210,4085,75
2023-11-16 18:35:21.9129400,4077,45
2023-11-16 18:35:23.8129690,4083,34
2023-11-16 18:35:28.3840400,4083,56
2023-11-16 18:35:28.6592100,4084,47
2023-11-16 18:35:29.1643900,4076,49
2023-11-16 18:35:30.7911030,4097,51
2023-11-16 18:35:35.0489490,4092,90
2023-11-16 18:35:35.1577120,4094,76
2023-11-16 18:35:37.1203530,4076,64
2023-11-16 18:35:37.8788250,4101,47
2023-11-16 18:35:38.3293210,4078,155
2023-11-16 18:35:38.5865120,4697,71
2023-11-16 18:35:38.8202410,4076,44
2023-11-16 18:35:42.0534000,4086,29
2023-11-16 18:35:42.4556240,4092,155
2023-11-16 18:35:43.7842730,4102,69
2023-11-16 18:35:44.3535400,4091,49
2023-11-16 18:35:48.0883690,4092,45
2023-11-16 18:35:48.1432180,4083,84
2023-11-16 18:35:48.4653910,4092,28
2023-11-16 18:35:49.4660670,4078,87
2023-11-16 18:35:50.1764640,4076,165
2023-11-16 18:35:52.3146840,4089,45
2023-11-16 18:35:53.1580350,4088,76
2023-11-16 18:35:54.1801060,4145,165
2023-11-16 18:36:00.7324690,4083,92
2023-11-16 18:36:01.2625730,4083,50
2023-11-16 18:36:02.7905060,4088,120
2023-11-16 18:36:04.8478630,4091,40
2023-11-16 18:36:05.3315910,4093,55
2023-11-16 18:36:07.4099460,4096,59
2023-11-16 18:36:07.4783610,4076,31
2023-11-16 18:36:08.2105580,4105,55
2023-11-16 18:36:08.3273870,4080,93
2023-11-16 18:36:09.6366160,4078,41
2023-11-16 18:36:09.7408310,4085,64
2023-11-16 18:36:10.8450220,4076,121
2023-11-16 18:36:12.9913770,4082,83
2023-11-16 18:36:13.8127400,4077,176
2023-11-16 18:36:13.9746330,4082,43
2023-11-16 18:36:16.5820250,4090,88
2023-11-16 18:36:17.1347690,4085,238
2023-11-16 18:36:18.8674310,4085,60
2023-11-16 18:36:19.8052710,4082,43
2023-11-16 18:36:23.0336720,4126,70
2023-11-16 18:36:26.1361120,4078,114
2023-11-16 18:36:26.7177180,4097,45
2023-11-16 18:36:29.1230530,4111,65
2023-11-16 18:36:30.6420240,4092,36
2023-11-16 18:36:31.4854130,4079,151
2023-11-16 18:36:33.5937050,4088,46
2023-11-16 18:36:33.7473340,4086,34
2023-11-16 18:36:35.3213540,4072,36
2023-11-16 18:36:35.8007860,4104,119
2023-11-16 18:36:36.9543700,4073,31
2023-11-16 18:36:39.6141420,4083,100
2023-11-16 18:36:40.4381080,4075,36
2023-11-16 18:36:41.7488180,4079,46
2023-11-16 18:36:42.5031480,4075,43
2023-11-16 18:36:42.7117530,4087,140
2023-11-16 18:36:43.8942750,4074,42
2023-11-16 18:36:45.2052690,4131,51
2023-11-16 18:36:46.3526800,4083,28
2023-11-16 18:36:46.6351740,4086,27
2023-11-16 18:36:47.9954790,4076,25
2023-11-16 18:36:48.9373230,4084,73
2023-11-16 18:36:52.1427320,4106,51
2023-11-16 18:36:53.7095570,4073,84
2023-11-16 18:36:54.4303360,4081,27
2023-11-16 18:36:54.9456210,4080,63
2023-11-16 18:36:55.0814560,4088,33
2023-11-16 18:36:55.8977060,4080,33
2023-11-16 18:36:58.1447880,4084,63
2023-11-16 18:37:00.9706330,4072,39
2023-11-16 18:37:01.5865620,4097,41
2023-11-16 18:37:02.3177710,4078,58
2023-11-16 18:37:02.4347300,4085,46
2023-11-16 18:37:04.0288910,4078,41
2023-11-16 18:37:05.0292350,4089,35
2023-11-16 18:37:05.7754370,4108,65
2023-11-16 18:37:08.4793260,4109,66
2023-11-16 18:37:13.2070560,4088,111
2023-11-16 18:37:13.5838510,4081,112
2023-11-16 18:37:14.4189780,4080,58
2023-11-16 18:37:14.5121890,4080,79
2023-11-16 18:37:19.8655440,4087,39
2023-11-16 18:37:21.0391380,4081,91
2023-11-16 18:37:24.2265380,4082,34
2023-11-16 18:37:25.1957910,4091,37
2023-11-16 18:37:25.2700960,4098,41
2023-11-16 18:37:28.9448100,4098,65
2023-11-16 18:37:29.5423140,4082,71
2023-11-16 18:37:30.1435340,4081,47
2023-11-16 18:37:32.0070900,4090,88
2023-11-16 18:37:34.2559160,4143,36
2023-11-16 18:37:35.5934150,4084,29
2023-11-16 18:37:36.6990460,4077,34
2023-11-16 18:37:38.0826750,4098,43
2023-11-16 18:37:39.7693450,3683,47
2023-11-16 18:37:41.5511050,4081,48
2023-11-16 18:37:42.6508510,4074,44
2023-11-16 18:37:43.9168380,4077,37
2023-11-16 18:37:44.0051950,4087,84
2023-11-16 18:37:45.0820570,4080,53
2023-11-16 18:37:50.2196790,3072,99
2023-11-16 18:37:50.5090710,4086,757
2023-11-16 18:37:50.8078280,4073,40
2023-11-16 18:37:51.3796920,4075,38
2023-11-16 18:37:55.1889290,4125,41
2023-11-16 18:37:57.5524470,4156,71
2023-11-16 18:37:58.6536220,4081,46
2023-11-16 18:37:58.6747060,4105,57
2023-11-16 18:38:00.1026540,4074,40
2023-11-16 18:38:01.2044290,4089,42
2023-11-16 18:38:01.3487680,4081,48
2023-11-16 18:38:01.5213720,4074,67
2023-11-16 18:38:04.7911100,4075,59
2023-11-16 18:38:05.1461840,4090,120
2023-11-16 18:38:05.2331730,4073,39
2023-11-16 18:38:06.2481750,4080,70
2023-11-16 18:38:06.4358690,4135,52
2023-11-16 18:38:06.4500100,4078,38
2023-11-16 18:38:06.6654170,4080,328
2023-11-16 18:38:07.0387780,4073,32
2023-11-16 18:38:07.1476670,4075,44
2023-11-16 18:38:08.4788530,4074,50
2023-11-16 18:38:09.8644300,4085,36
2023-11-16 18:38:10.0001200,4090,46
2023-11-16 18:38:10.6558820,4122,25
2023-11-16 18:38:11.3308790,4082,45
2023-11-16 18:38:11.3925880,4077,57
2023-11-16 18:38:12.3645930,4074,37
2023-11-16 18:38:13.1028100,4081,27
2023-11-16 18:38:13.2999480,4076,41
2023-11-16 18:38:13.8677370,4108,75
2023-11-16 18:38:14.3885010,4089,72
2023-11-16 18:38:16.3290690,4080,51
2023-11-16 18:38:16.7593040,4085,49
2023-11-16 18:38:17.7358450,4083,28
2023-11-16 18:38:18.5505590,4082,54
2023-11-16 18:38:19.3167450,4086,33
2023-11-16 18:38:20.4576700,3158,50
2023-11-16 18:38:21.6381170,4073,30
2023-11-16 18:38:22.5075240,4069,41
2023-11-16 18:38:23.0809490,4115,64
2023-11-16 18:38:26.0233490,4077,168
2023-11-16 18:38:28.6811450,4088,73
2023-11-16 18:38:30.5798240,4075,28
2023-11-16 18:38:30.9532050,4029,50
2023-11-16 18:38:32.2770810,4090,131
2023-11-16 18:38:33.7215860,4077,98
2023-11-16 18:38:34.8555110,4079,29
2023-11-16 18:38:38.1791020,4085,42
2023-11-16 18:38:38.6949900,4071,45
2023-11-16 18:38:39.2118430,4089,64
2023-11-16 18:38:39.2648050,7650,102
2023-11-16 18:38:39.4471420,4076,31
2023-11-16 18:38:40.0575060,4079,38
2023-11-16 18:38:40.3414210,4076,60
2023-11-16 18:38:42.1658590,4122,52
2023-11-16 18:38:43.6667700,4095,56
2023-11-16 18:38:44.1104940,4088,70
2023-11-16 18:38:46.9060050,4078,46
2023-11-16 18:38:47.7426270,4085,36
2023-11-16 18:38:47.7788280,4075,49
2023-11-16 18:38:47.9419340,4074,55
2023-11-16 18:38:48.3629100,4143,74
2023-11-16 18:38:48.7141460,4105,132
2023-11-16 18:38:49.6160000,4085,52
2023-11-16 18:38:51.8564230,4081,30
2023-11-16 18:38:53.4705130,3145,25
2023-11-16 18:38:53.8331820,4096,54
2023-11-16 18:38:54.2498400,4075,38
2023-11-16 18:38:54.9234780,4090,97
2023-11-16 18:38:56.5603540,4082,104
2023-11-16 18:38:56.5802920,4080,38
2023-11-16 18:38:56.6980310,4079,37
2023-11-16 18:38:56.9561380,4091,33
2023-11-16 18:38:57.6925480,4093,59
2023-11-16 18:38:58.9626460,4089,57
2023-11-16 18:38:59.1609330,4082,98
2023-11-16 18:38:59.5013100,4077,51
2023-11-16 18:38:59.9110190,4088,218
2023-11-16 18:39:00.7748680,4084,61
2023-11-16 18:39:01.1274370,4076,35
2023-11-16 18:39:01.9736540,4082,154
2023-11-16 18:39:03.3464880,4086,59
2023-11-16 18:39:03.7447290,3102,77
2023-11-16 18:39:04.3262160,4086,53
2023-11-16 18:39:05.6294590,4072,37
2023-11-16 18:39:05.6683060,4087,28
2023-11-16 18:39:06.3641830,4108,47
2023-11-16 18:39:06.6971050,4075,31
2023-11-16 18:39:07.3565760,4088,33
2023-11-16 18:39:07.9804720,4076,48
2023-11-16 18:39:08.8140970,4078,75
2023-11-16 18:39:09.1069220,4109,63
2023-11-16 18:39:09.8051880,4085,27
2023-11-16 18:39:09.8388790,4110,77
2023-11-16 18:39:11.8744430,4081,49
2023-11-16 18:39:12.4140800,4084,57
2023-11-16 18:39:13.0420300,4094,72
2023-11-16 18:39:13.2348270,4093,62
2023-11-16 18:39:14.5877140,4111,66
2023-11-16 18:39:19.4039360,4074,52
2023-11-16 18:39:20.7091060,4082,37
2023-11-16 18:39:21.1699650,4071,84
2023-11-16 18:39:21.7282700,4088,27
2023-11-16 18:39:23.4624450,4116,70
2023-11-16 18:39:24.3029440,4074,38
2023-11-16 18:39:25.4311550,4082,39
2023-11-16 18:39:25.9972860,4077,82
2023-11-16 18:39:26.5388670,4074,41
2023-11-16 18:39:29.1378880,4086,134
2023-11-16 18:39:29.2552880,3216,92
2023-11-16 18:39:29.3940650,4089,35
2023-11-16 18:39:31.1660220,4135,35
2023-11-16 18:39:31.4858280,4082,43
2023-11-16 18:39:32.9716990,4080,68
2023-11-16 18:39:33.5757400,4082,27
2023-11-16 18:39:33.7063420,4078,39
2023-11-16 18:39:34.8312570,4079,27
2023-11-16 18:39:36.4575650,4084,25
2023-11-16 18:39:36.7535670,4079,100
2023-11-16 18:39:36.8316740,4092,71
2023-11-16 18:39:39.3270580,4102,61
2023-11-16 18:39:41.8912490,4091,79
2023-11-16 18:39:42.5642340,4072,42
2023-11-16 18:39:42.7609130,4081,33
2023-11-16 18:39:43.4363800,4081,79
2023-11-16 18:39:43.9263250,4072,56
2023-11-16 18:39:43.9878650,4081,72
2023-11-16 18:39:44.2951780,4086,80
2023-11-16 18:39:50.0431720,4134,49
2023-11-16 18:39:50.5533310,4085,76
2023-11-16 18:39:51.4566230,4083,111
2023-11-16 18:39:54.1498330,4079,60
2023-11-16 18:39:55.0591940,4096,55
2023-11-16 18:39:55.2854220,4152,64
2023-11-16 18:39:55.5982770,4075,39
2023-11-16 18:39:56.3739530,4088,84
2023-11-16 18:39:58.2573350,4085,83
2023-11-16 18:39:58.3563030,4086,78
2023-11-16 18:39:58.4889960,4133,44
2023-11-16 18:40:01.0742190,4095,55
2023-11-16 18:40:01.3733520,4080,197
2023-11-16 18:40:01.9112690,4085,28
2023-11-16 18:40:01.9756310,4086,52
2023-11-16 18:40:03.0986670,4090,45
2023-11-16 18:40:04.8368730,4078,33
2023-11-16 18:40:06.2624500,4084,55
2023-11-16 18:40:06.7274050,3718,115
2023-11-16 18:40:09.7771000,4103,36
2023-11-16 18:40:11.3873000,4084,69
2023-11-16 18:40:11.7108590,4104,35
2023-11-16 18:40:11.9258350,4086,46
2023-11-16 18:40:12.0531250,4080,54
2023-11-16 18:40:12.3920160,4081,64
2023-11-16 18:40:12.4338870,4088,44
2023-11-16 18:40:12.7327820,3246,130
2023-11-16 18:40:13.0868740,4076,52
2023-11-16 18:40:13.4048530,4084,53
2023-11-16 18:40:13.4485710,4076,75
2023-11-16 18:40:18.1089180,4100,56
2023-11-16 18:40:20.3964860,4087,99
2023-11-16 18:40:20.6979030,4185,64
2023-11-16 18:40:20.8018100,4095,179
2023-11-16 18:40:21.1906180,4078,193
2023-11-16 18:40:22.9317230,4076,59
2023-11-16 18:40:23.3761880,4076,29
2023-11-16 18:40:27.3910390,4081,54
2023-11-16 18:40:27.7709740,4089,48
2023-11-16 18:40:27.9089770,4073,62
2023-11-16 18:40:30.7594520,4081,53
2023-11-16 18:40:31.2818050,4106,48
2023-11-16 18:40:32.9478270,4080,43
2023-11-16 18:40:33.8805270,4077,48
2023-11-16 18:40:34.1755060,4089,49
2023-11-16 18:40:36.7690670,4096,67
2023-11-16 18:40:36.8594040,4096,31
2023-11-16 18:40:36.9386500,4092,38
2023-11-16 18:40:38.1947990,4072,117
2023-11-16 18:40:38.3560330,4082,35
2023-11-16 18:40:38.4581440,4082,168
2023-11-16 18:40:39.1516280,4081,47
2023-11-16 18:40:39.1997170,4088,142
2023-11-16 18:40:39.7020490,4095,42
2023-11-16 18:40:40.6675700,4089,44
2023-11-16 18:40:40.9878430,4098,38
2023-11-16 18:40:41.1208840,4084,63
2023-11-16 18:40:41.9220580,4092,27
2023-11-16 18:40:41.9798080,4076,99
2023-11-16 18:40:42.4169730,4082,26
2023-11-16 18:40:43.0920660,4105,46
2023-11-16 18:40:43.1724050,4139,69
2023-11-16 18:40:43.8405300,4076,34
2023-11-16 18:40:45.1135950,4097,38
2023-11-16 18:40:46.4941510,4158,80
2023-11-16 18:40:47.5292750,4075,109
2023-11-16 18:40:48.0524950,4161,53
2023-11-16 18:40:48.4883420,4092,30
2023-11-16 18:40:48.9115150,4080,73
2023-11-16 18:40:48.9877060,4076,58
2023-11-16 18:40:49.1264290,4153,206
2023-11-16 18:40:49.3128160,3534,45
2023-11-16 18:40:50.5293640,4078,56
2023-11-16 18:40:51.1396300,4115,65
2023-11-16 18:40:51.2738390,4073,27
2023-11-16 18:40:51.4553700,4078,76
2023-11-16 18:40:51.9916770,5244,47
2023-11-16 18:40:53.4334450,4094,95
2023-11-16 18:40:54.4821780,4084,43
2023-11-16 18:40:54.6095130,4076,50
2023-11-16 18:40:54.9566120,4094,80
2023-11-16 18:40:55.2451780,4088,49
2023-11-16 18:40:56.6181210,4124,51
2023-11-16 18:40:57.8012580,4082,35
2023-11-16 18:40:58.9631070,4084,30
2023-11-16 18:40:59.6099400,4078,32
2023-11-16 18:41:01.8166120,4833,59
2023-11-16 18:41:02.5249990,4075,36
2023-11-16 18:41:02.6633350,4083,41
2023-11-16 18:41:03.0906930,4094,46
2023-11-16 18:41:04.8110010,4086,49
2023-11-16 18:41:05.9544010,4082,48
2023-11-16 18:41:06.9048760,4085,82
2023-11-16 18:41:07.2597260,4079,92
2023-11-16 18:41:07.3143830,4079,130
2023-11-16 18:41:07.9825220,4074,43
2023-11-16 18:41:08.1018630,4083,136
2023-11-16 18:41:09.5271810,4072,37
2023-11-16 18:41:10.6275820,4075,48
2023-11-16 18:41:12.2353610,4069,48
2023-11-16 18:41:12.6637700,4088,67
2023-11-16 18:41:13.0235650,4098,40
2023-11-16 18:41:13.2978420,4082,30
2023-11-16 18:41:13.9343030,4074,45
2023-11-16 18:41:15.6335350,4084,86
2023-11-16 18:41:16.6154850,4087,119
2023-11-16 18:41:19.9627730,4076,246
2023-11-16 18:41:22.0574010,4104,49
2023-11-16 18:41:22.2608310,4078,137
2023-11-16 18:41:22.5018570,4081,67
2023-11-16 18:41:23.6242170,4145,47
2023-11-16 18:41:24.5105580,3018,79
2023-11-16 18:41:24.8597200,4093,50
2023-11-16 18:41:24.9464830,4079,30
2023-11-16 18:41:25.4714930,4090,134
2023-11-16 18:41:26.4018590,4089,154
2023-11-16 18:41:26.6811250,4086,69
2023-11-16 18:41:29.8498720,4110,174
2023-11-16 18:41:30.1614500,4142,75
2023-11-16 18:41:31.1641550,4088,64
2023-11-16 18:41:32.2883680,4118,239
2023-11-16 18:41:34.1449080,4074,30
2023-11-16 18:41:34.5792500,4086,88
2023-11-16 18:41:35.7101760,4089,69
2023-11-16 18:41:35.8226500,3306,85
2023-11-16 18:41:37.7634360,4071,103
2023-11-16 18:41:39.4971290,4079,87
2023-11-16 18:41:39.6913190,4094,69
2023-11-16 18:41:40.3635800,4080,70
2023-11-16 18:41:42.8171950,4088,36
2023-11-16 18:41:43.5792260,4089,26
2023-11-16 18:41:43.6043250,4084,43
2023-11-16 18:41:44.4066090,4939,65
2023-11-16 18:41:44.5102730,4095,80
2023-11-16 18:41:45.2691540,4073,56
2023-11-16 18:41:46.1353120,4096,102
2023-11-16 18:41:46.3007920,4123,230
2023-11-16 18:41:46.9924230,4076,68
2023-11-16 18:41:47.9341130,4119,52
2023-11-16 18:41:48.0476770,4094,51
2023-11-16 18:41:48.1970500,4081,31
2023-11-16 18:41:48.6648010,4087,38
2023-11-16 18:41:48.7748710,4135,32
2023-11-16 18:41:50.4248870,4113,57
2023-11-16 18:41:50.5545890,4080,48
2023-11-16 18:41:51.4746910,4086,34
2023-11-16 18:41:52.0586540,4078,58
2023-11-16 18:41:52.1462130,4088,89
2023-11-16 18:41:52.2615040,4086,31
2023-11-16 18:41:53.0536910,4074,116
2023-11-16 18:41:53.7036810,4078,41
2023-11-16 18:41:55.5591510,4082,51
2023-11-16 18:41:55.7537170,4079,53
2023-11-16 18:41:56.0672120,4112,75
2023-11-16 18:41:58.7774880,4080,55
2023-11-16 18:42:00.2690110,4086,51
2023-11-16 18:42:00.5656180,4081,66
2023-11-16 18:42:01.0198290,4075,104
2023-11-16 18:42:01.9113250,4077,37
2023-11-16 18:42:01.9253470,4085,44
2023-11-16 18:42:02.5041380,6781,41
2023-11-16 18:42:02.6177900,4085,35
2023-11-16 18:42:03.6673550,4078,31
2023-11-16 18:42:03.9123960,4081,42
2023-11-16 18:42:03.9856850,4099,64
2023-11-16 18:42:04.4077140,4085,63
2023-11-16 18:42:07.0678200,4112,42
2023-11-16 18:42:08.3985880,4081,56
2023-11-16 18:42:10.6807830,4135,36
2023-11-16 18:42:10.6842550,4095,63
2023-11-16 18:42:12.9204590,4154,42
2023-11-16 18:42:13.5622660,4074,62
2023-11-16 18:42:13.7036460,4085,39
2023-11-16 18:42:14.2423930,4077,41
2023-11-16 18:42:15.6186680,4092,189
2023-11-16 18:42:16.2314290,4082,167
2023-11-16 18:42:16.3336980,4094,51
2023-11-16 18:42:16.5755940,4086,139
2023-11-16 18:42:16.9650550,4075,39
2023-11-16 18:42:17.0734460,4090,51
2023-11-16 18:42:17.4956480,4078,42
2023-11-16 18:42:20.3841950,6061,133
2023-11-16 18:42:20.6076390,4086,47
2023-11-16 18:42:22.0770870,4087,39
2023-11-16 18:42:23.1019750,4162,50
2023-11-16 18:42:23.8612300,4119,32
2023-11-16 18:42:25.3988020,4076,90
2023-11-16 18:42:25.4055320,4101,53
2023-11-16 18:42:28.8115540,4085,47
2023-11-16 18:42:30.0798660,4086,74
2023-11-16 18:42:30.1594540,4080,42
2023-11-16 18:42:30.3524130,4090,34
2023-11-16 18:42:30.4094240,4136,31
2023-11-16 18:42:30.4850540,4085,200
2023-11-16 18:42:30.5991550,4080,92
2023-11-16 18:42:30.8663970,4089,54
2023-11-16 18:42:32.5738300,4085,35
2023-11-16 18:42:32.9495360,4141,45
2023-11-16 18:42:33.0078940,4079,71
2023-11-16 18:42:33.7486280,4089,38
2023-11-16 18:42:33.7919740,4086,73
2023-11-16 18:42:33.8967070,4116,58
2023-11-16 18:42:34.7854400,4100,37
2023-11-16 18:42:35.3173620,4078,52
2023-11-16 18:42:36.5455000,4082,108
2023-11-16 18:42:37.0097280,4081,482
2023-11-16 18:42:37.7710030,4091,51
2023-11-16 18:42:38.7662520,4073,46
2023-11-16 18:42:40.3769870,4074,48
2023-11-16 18:42:40.5994530,4078,67
2023-11-16 18:42:41.1727970,4086,54
2023-11-16 18:42:41.2643540,4089,27
2023-11-16 18:42:41.2915740,4086,41
2023-11-16 18:42:41.7038150,4077,36
2023-11-16 18:42:43.6926580,4089,39
2023-11-16 18:42:43.7452050,4076,82
2023-11-16 18:42:44.7921940,4109,56
2023-11-16 18:42:45.6254990,4084,51
2023-11-16 18:42:46.5082710,4114,55
2023-11-16 18:42:46.5794040,4084,65
2023-11-16 18:42:47.2249350,4104,39
2023-11-16 18:42:48.2835620,4121,50
2023-11-16 18:42:49.2517060,4075,26
2023-11-16 18:42:49.6727350,4082,59
2023-11-16 18:42:49.8928940,4083,74
2023-11-16 18:42:51.0902040,4088,53
2023-11-16 18:42:51.5495670,4084,67
2023-11-16 18:42:51.7328420,4074,58
2023-11-16 18:42:52.5452180,4074,39
2023-11-16 18:42:52.5718550,4356,91
2023-11-16 18:42:53.3016490,4092,50
2023-11-16 18:42:55.8814100,4073,82
2023-11-16 18:42:58.0458280,4082,58
2023-11-16 18:42:58.3872170,4081,69
2023-11-16 18:42:58.4471290,4146,69
2023-11-16 18:42:58.9108770,4082,80
2023-11-16 18:42:59.6129100,4085,43
2023-11-16 18:42:59.9801470,4074,38
2023-11-16 18:43:00.1904680,4091,63
2023-11-16 18:43:00.2758280,4090,169
2023-11-16 18:43:02.0357980,4091,44
2023-11-16 18:43:03.4756690,4083,35
2023-11-16 18:43:04.0318570,4087,53
2023-11-16 18:43:04.1468970,4074,55
2023-11-16 18:43:04.6875950,4081,86
2023-11-16 18:43:05.8644530,4088,27
2023-11-16 18:43:06.2386850,4078,39
2023-11-16 18:43:06.4845180,4078,241
2023-11-16 18:43:06.5405600,3747,120
2023-11-16 18:43:06.8066690,4092,45
2023-11-16 18:43:07.3744180,4079,29
2023-11-16 18:43:07.7811150,4074,34
2023-11-16 18:43:08.4179180,4079,42
2023-11-16 18:43:09.0602050,4075,42
2023-11-16 18:43:10.4232140,4093,61
2023-11-16 18:43:10.4306880,4083,54
2023-11-16 18:43:10.5803490,4085,29
2023-11-16 18:43:10.7380140,4076,107
2023-11-16 18:43:10.9014540,4079,61
2023-11-16 18:43:10.9287570,4084,57
2023-11-16 18:43:11.2818780,4083,75
2023-11-16 18:43:11.4604750,4084,25
2023-11-16 18:43:11.5857660,4074,50
2023-11-16 18:43:13.4024160,4077,26
2023-11-16 18:43:14.1072310,4081,53
2023-11-16 18:43:14.2027110,4081,69
2023-11-16 18:43:14.7003120,4077,71
2023-11-16 18:43:15.2506700,4087,39
2023-11-16 18:43:15.7121890,4086,110
2023-11-16 18:43:16.5069830,4085,39
2023-11-16 18:43:17.2129590,4078,92
2023-11-16 18:43:17.4117090,4086,34
2023-11-16 18:43:18.3075230,4079,58
2023-11-16 18:43:20.5009390,4073,95
2023-11-16 18:43:20.7590790,4108,152
2023-11-16 18:43:20.9956030,4124,49
2023-11-16 18:43:21.6838950,4090,39
2023-11-16 18:43:21.7901450,4078,56
2023-11-16 18:43:23.1462980,4087,47
2023-11-16 18:43:24.0785190,4079,74
2023-11-16 18:43:24.0788450,4081,41
2023-11-16 18:43:25.5079270,4076,27
2023-11-16 18:43:26.2565850,4073,30
2023-11-16 18:43:28.0111530,4099,49
2023-11-16 18:43:29.6990240,4082,24
2023-11-16 18:43:29.9458310,4079,65
2023-11-16 18:43:29.9915840,4074,57
2023-11-16 18:43:30.3378290,4080,535
2023-11-16 18:43:30.4093850,4095,42
2023-11-16 18:43:30.6684750,4086,100
2023-11-16 18:43:30.6730910,4080,37
2023-11-16 18:43:31.2342240,4078,46
2023-11-16 18:43:31.5585040,4075,48
2023-11-16 18:43:31.7374720,4093,70
2023-11-16 18:43:32.2528510,4103,42
2023-11-16 18:43:32.3841980,4083,72
2023-11-16 18:43:33.2201640,4073,38
2023-11-16 18:43:33.6752790,4110,755
2023-11-16 18:43:33.9268720,4074,45
2023-11-16 18:43:33.9473550,4078,75
2023-11-16 18:43:34.1715330,4075,92
2023-11-16 18:43:34.1951720,4088,69
2023-11-16 18:43:34.7399580,4227,70
2023-11-16 18:43:36.2392760,4155,43
2023-11-16 18:43:36.3351250,4077,50
2023-11-16 18:43:36.3500690,4075,72
2023-11-16 18:43:36.4864550,4081,52
2023-11-16 18:43:38.0621430,4081,37
2023-11-16 18:43:38.2518370,3723,120
2023-11-16 18:43:38.3217740,4078,37
2023-11-16 18:43:39.4409740,4073,198
2023-11-16 18:43:39.5076980,4086,41
2023-11-16 18:43:39.7863430,4079,41
2023-11-16 18:43:40.2147300,4089,102
2023-11-16 18:43:40.9407720,4083,148
2023-11-16 18:43:42.5529670,4118,72
2023-11-16 18:43:42.8713390,4082,82
2023-11-16 18:43:43.8366160,4089,49
2023-11-16 18:43:44.4867320,4120,44
2023-11-16 18:43:44.9002310,4094,45
2023-11-16 18:43:45.3185050,3116,107
2023-11-16 18:43:46.8275880,4073,76
2023-11-16 18:43:46.8915710,4082,28
2023-11-16 18:43:47.1909010,4084,136
2023-11-16 18:43:47.7435470,4079,232
2023-11-16 18:43:48.5587700,4073,35
2023-11-16 18:43:48.7563770,4087,52
2023-11-16 18:43:49.2328260,4078,43
2023-11-16 18:43:49.4343590,4076,42
2023-11-16 18:43:50.1195070,4082,46
2023-11-16 18:43:50.1953040,5380,46
2023-11-16 18:43:50.9116310,4087,50
2023-11-16 18:43:50.9538280,3356,90
2023-11-16 18:43:51.9862840,4075,44
2023-11-16 18:43:53.5677180,3513,72
2023-11-16 18:43:53.8982020,4079,36
2023-11-16 18:43:54.6066540,4078,36
2023-11-16 18:43:54.6489980,4088,60
2023-11-16 18:43:55.8406750,3086,45
2023-11-16 18:43:55.9749720,4073,56
2023-11-16 18:43:57.0185400,4096,58
2023-11-16 18:43:57.5033460,4083,31
2023-11-16 18:43:57.8504120,4084,43
2023-11-16 18:43:58.1731000,4127,45
2023-11-16 18:44:00.2492930,4077,44
2023-11-16 18:44:00.3844840,4089,92
2023-11-16 18:44:00.7232910,4075,28
2023-11-16 18:44:00.9799220,4079,78
2023-11-16 18:44:00.9908540,4088,86
2023-11-16 18:44:01.1082160,4087,38
2023-11-16 18:44:01.9306800,4090,27
2023-11-16 18:44:02.1828810,4077,109
2023-11-16 18:44:02.3266910,4081,38
2023-11-16 18:44:02.6265390,4089,44
2023-11-16 18:44:03.5109700,4092,87
2023-11-16 18:44:03.6050640,4081,42
2023-11-16 18:44:05.1059740,4091,61
2023-11-16 18:44:05.6419650,3732,147
2023-11-16 18:44:05.8915130,4091,60
2023-11-16 18:44:05.9170300,4078,232
2023-11-16 18:44:06.1623890,4374,114
2023-11-16 18:44:08.1082630,4098,68
2023-11-16 18:44:08.9138540,4100,62
2023-11-16 18:44:09.2148030,3984,113
2023-11-16 18:44:09.2323770,4093,127
2023-11-16 18:44:10.1968680,4076,78
2023-11-16 18:44:10.3661780,4099,60
2023-11-16 18:44:10.4948130,4094,28
2023-11-16 18:44:10.5161450,4084,69
2023-11-16 18:44:10.7448550,4094,43
2023-11-16 18:44:11.2330650,4082,38
2023-11-16 18:44:12.2111580,4086,60
2023-11-16 18:44:12.3385840,4127,40
2023-11-16 18:44:12.5184700,4146,56
2023-11-16 18:44:12.8521790,4094,107
2023-11-16 18:44:14.4256050,3602,93
2023-11-16 18:44:15.4672680,4079,27
2023-11-16 18:44:16.5555540,4080,31
2023-11-16 18:44:17.1141120,4143,79
2023-11-16 18:44:17.9765730,4085,43
2023-11-16 18:44:18.9213700,4077,90
2023-11-16 18:44:19.3636600,4089,54
2023-11-16 18:44:19.3835150,4075,56
2023-11-16 18:44:19.4651480,4080,26
2023-11-16 18:44:19.7393730,4084,66
2023-11-16 18:44:19.9461700,4083,32
2023-11-16 18:44:22.7273590,4072,27
2023-11-16 18:44:22.7515110,4087,39
2023-11-16 18:44:23.1916100,4121,52
2023-11-16 18:44:23.5501230,4080,47
2023-11-16 18:44:23.9336430,4083,56
2023-11-16 18:44:24.1318480,4128,59
2023-11-16 18:44:25.0215750,4088,336
2023-11-16 18:44:25.4975540,4084,42
2023-11-16 18:44:25.6814960,4083,161
2023-11-16 18:44:25.9313050,4079,87
2023-11-16 18:44:28.0114480,4081,111
2023-11-16 18:44:28.1868500,4075,27
2023-11-16 18:44:30.0095590,4080,73
2023-11-16 18:44:30.7647220,4090,54
2023-11-16 18:44:30.7718380,4077,28
2023-11-16 18:44:31.1626640,4093,29
2023-11-16 18:44:31.8471090,4082,36
2023-11-16 18:44:32.1510720,4088,42
2023-11-16 18:44:32.5205700,4075,135
2023-11-16 18:44:32.5820800,4088,64
2023-11-16 18:44:32.7976530,4089,71
2023-11-16 18:44:33.0337110,4075,43
2023-11-16 18:44:33.3722640,4086,46
2023-11-16 18:44:34.5608110,4080,79
2023-11-16 18:44:34.8158480,4100,172
2023-11-16 18:44:35.4641790,4080,47
2023-11-16 18:44:35.9716540,4149,41
2023-11-16 18:44:36.9930940,4084,37
2023-11-16 18:44:37.1818710,4095,30
2023-11-16 18:44:37.5696030,4080,28
2023-11-16 18:44:38.4138450,4087,171
2023-11-16 18:44:38.7186390,4107,43
2023-11-16 18:44:40.4729600,4089,41
2023-11-16 18:44:41.7707540,4095,56
2023-11-16 18:44:42.3355450,4085,51
2023-11-16 18:44:42.8760680,4078,154
2023-11-16 18:44:44.6140860,4075,46
2023-11-16 18:44:45.2344730,4083,87
2023-11-16 18:44:47.0465680,4087,57
2023-11-16 18:44:47.3219740,4078,53
2023-11-16 18:44:47.3431580,4090,144
2023-11-16 18:44:47.4686930,4090,28
2023-11-16 18:44:47.6460280,4085,48
2023-11-16 18:44:47.8892950,4076,53
2023-11-16 18:44:48.5673010,4073,98
2023-11-16 18:44:48.6624240,4126,59
2023-11-16 18:44:49.0693860,4097,53
2023-11-16 18:44:49.8663120,4079,32
2023-11-16 18:44:50.0847330,4099,69
2023-11-16 18:44:50.6262310,4080,48
2023-11-16 18:44:51.2697810,4090,60
2023-11-16 18:44:51.8425430,4083,127
2023-11-16 18:44:53.4198670,4076,33
2023-11-16 18:44:53.6278340,4509,134
2023-11-16 18:44:54.0312870,4078,154
2023-11-16 18:44:54.0988560,4081,56
2023-11-16 18:44:55.0957180,4078,34
2023-11-16 18:44:56.1519630,4133,83
2023-11-16 18:44:56.3623610,4082,107
2023-11-16 18:44:57.5264840,4149,88
2023-11-16 18:44:59.2760260,4072,139
2023-11-16 18:44:59.4682980,4088,52
2023-11-16 18:44:59.8479170,4078,84
2023-11-16 18:44:59.9377300,4159,68
2023-11-16 18:45:00.3463170,4155,48
2023-11-16 18:45:01.1425210,4079,57
2023-11-16 18:45:02.9241790,4074,39
2023-11-16 18:45:03.1190250,4080,36
2023-11-16 18:45:03.4080190,4083,41
2023-11-16 18:45:04.3014190,4095,40
2023-11-16 18:45:06.3732450,4106,35
2023-11-16 18:45:06.4481300,4091,35
2023-11-16 18:45:06.4541910,4082,57
2023-11-16 18:45:06.7175980,4098,104
2023-11-16 18:45:07.5230240,4121,69
2023-11-16 18:45:07.5678210,4084,62
2023-11-16 18:45:08.1017070,4084,36
2023-11-16 18:45:08.1509480,4131,44
2023-11-16 18:45:09.2462290,4084,66
2023-11-16 18:45:09.2488160,4080,28
2023-11-16 18:45:09.2513430,4086,133
2023-11-16 18:45:11.6971930,4165,108
2023-11-16 18:45:12.8494790,4077,115
2023-11-16 18:45:12.8789750,4087,42
2023-11-16 18:45:13.5654380,4084,44
2023-11-16 18:45:13.9245140,4143,47
2023-11-16 18:45:14.1898230,4081,67
2023-11-16 18:45:14.5546560,4098,41
2023-11-16 18:45:14.5617280,4092,146
2023-11-16 18:45:15.6419590,4101,68
2023-11-16 18:45:15.6964860,4076,46
2023-11-16 18:45:15.8929770,4088,95
2023-11-16 18:45:17.1559200,4086,28
2023-11-16 18:45:17.6924680,4086,42
2023-11-16 18:45:18.6274310,4094,65
2023-11-16 18:45:19.5749220,4098,98
2023-11-16 18:45:20.8244690,3795,56
2023-11-16 18:45:20.9772270,4074,40
2023-11-16 18:45:21.5870450,4077,45
2023-11-16 18:45:21.9898130,4079,43
2023-11-16 18:45:23.1190580,4074,66
2023-11-16 18:45:23.5883980,4075,39
2023-11-16 18:45:23.8260240,4087,37
2023-11-16 18:45:24.1183950,4145,59
2023-11-16 18:45:24.5864410,4098,47
2023-11-16 18:45:24.6411420,4091,63
2023-11-16 18:45:24.9677140,4088,40
2023-11-16 18:45:25.0868200,3807,56
2023-11-16 18:45:25.9078850,4132,76
2023-11-16 18:45:26.4560630,4107,68
2023-11-16 18:45:27.7338940,4080,34
2023-11-16 18:45:27.7768200,4088,49
2023-11-16 18:45:29.7000280,4077,57
2023-11-16 18:45:29.8230540,4074,58
2023-11-16 18:45:30.8841390,4089,53
2023-11-16 18:45:31.0203380,4084,42
2023-11-16 18:45:31.8082210,4088,48
2023-11-16 18:45:32.3090850,4078,103
2023-11-16 18:45:33.1142050,4074,43
2023-11-16 18:45:33.9655910,4089,28
2023-11-16 18:45:34.4569430,4078,45
2023-11-16 18:45:34.9306010,4081,41
2023-11-16 18:45:35.1765420,4086,55
2023-11-16 18:45:36.1005450,4078,40
2023-11-16 18:45:38.2242380,4090,94
2023-11-16 18:45:38.4991670,4100,142
2023-11-16 18:45:40.3572460,4075,55
2023-11-16 18:45:41.0962580,4084,46
2023-11-16 18:45:42.3775880,4077,105
2023-11-16 18:45:42.8402050,4081,67
2023-11-16 18:45:44.0522580,4076,58
2023-11-16 18:45:44.2091890,4077,31
2023-11-16 18:45:44.9086380,4143,74
2023-11-16 18:45:44.9957600,4077,32
2023-11-16 18:45:45.0368150,4080,50
2023-11-16 18:45:45.1919780,4082,28
2023-11-16 18:45:45.3069770,4085,48
2023-11-16 18:45:46.4484660,4077,48
2023-11-16 18:45:48.0558650,4081,87
2023-11-16 18:45:48.7458880,3000,45
2023-11-16 18:45:48.8817610,4092,54
2023-11-16 18:45:48.9154520,4085,41
2023-11-16 18:45:49.4946130,4078,84
2023-11-16 18:45:51.7784130,4076,38
2023-11-16 18:45:52.4267940,4078,28
2023-11-16 18:45:52.5190470,4076,68
2023-11-16 18:45:52.6165030,4076,29
2023-11-16 18:45:53.2117850,4987,54
2023-11-16 18:45:53.7166350,4076,73
2023-11-16 18:45:54.6951660,4076,64
2023-11-16 18:45:54.9333750,4086,54
2023-11-16 18:45:54.9784360,4077,37
2023-11-16 18:45:55.6309420,4079,63
2023-11-16 18:45:57.0157650,4159,48
2023-11-16 18:45:58.5802190,4073,37
2023-11-16 18:45:59.2191450,4089,43
2023-11-16 18:46:00.3279090,4086,34
2023-11-16 18:46:00.3723210,4098,36
2023-11-16 18:46:00.4549640,4075,28
2023-11-16 18:46:00.4600910,4080,27
2023-11-16 18:46:01.2593090,4091,137
2023-11-16 18:46:02.0628070,4078,108
2023-11-16 18:46:03.3088540,4075,49
2023-11-16 18:46:04.4645540,4079,39
2023-11-16 18:46:04.6989200,4102,75
2023-11-16 18:46:05.8673120,4113,52
2023-11-16 18:46:06.2335690,4082,32
2023-11-16 18:46:06.5025960,4092,51
2023-11-16 18:46:07.6979350,4078,58
2023-11-16 18:46:07.8231270,4071,38
2023-11-16 18:46:07.8255610,4082,340
2023-11-16 18:46:08.1222300,4075,72
2023-11-16 18:46:08.2746590,4075,41
2023-11-16 18:46:08.6442730,4079,96
2023-11-16 18:46:09.8728930,4080,26
2023-11-16 18:46:10.6119600,4077,103
2023-11-16 18:46:10.6760130,4087,53
2023-11-16 18:46:11.2411660,4386,86
2023-11-16 18:46:11.2578800,4089,45
2023-11-16 18:46:12.8491540,4098,47
2023-11-16 18:46:13.5201570,4151,45
2023-11-16 18:46:15.6785880,4080,51
2023-11-16 18:46:17.6338170,4140,55
2023-11-16 18:46:17.8440890,4121,109
2023-11-16 18:46:17.9172340,3436,36
2023-11-16 18:46:17.9389100,4083,70
2023-11-16 18:46:18.0149070,4085,38
2023-11-16 18:46:18.5252540,4074,54
2023-11-16 18:46:20.2234320,4091,60
2023-11-16 18:46:21.4854340,4082,56
2023-11-16 18:46:22.5071510,4163,81
2023-11-16 18:46:23.1390540,4131,72
2023-11-16 18:46:23.4642180,4097,42
2023-11-16 18:46:23.6272150,4089,58
2023-11-16 18:46:25.7314370,4072,60
2023-11-16 18:46:29.1183300,4079,49
2023-11-16 18:46:29.6038220,4087,153
2023-11-16 18:46:30.0027500,4075,40
2023-11-16 18:46:30.6205810,4075,43
2023-11-16 18:46:31.0832580,4080,46
2023-11-16 18:46:31.5986920,4097,41
2023-11-16 18:46:32.6869740,4110,67
2023-11-16 18:46:33.3812000,4085,103
2023-11-16 18:46:33.4102900,4077,34
2023-11-16 18:46:34.3880310,4081,44
2023-11-16 18:46:35.0076450,4117,92
2023-11-16 18:46:35.0829680,4075,56
2023-11-16 18:46:35.7104150,4087,67
2023-11-16 18:46:36.0229550,4077,58
2023-11-16 18:46:36.5122240,4004,73
2023-11-16 18:46:36.5359590,4090,86
2023-11-16 18:46:36.7020620,4085,53
2023-11-16 18:46:37.1455530,4089,174
2023-11-16 18:46:38.1348570,4085,84
2023-11-16 18:46:38.7998620,4088,62
2023-11-16 18:46:40.1692150,4103,40
2023-11-16 18:46:40.5571120,4089,47
2023-11-16 18:46:40.9045930,4077,29
2023-11-16 18:46:41.0782770,4101,97
2023-11-16 18:46:41.6044660,4077,110
2023-11-16 18:46:41.6706770,4093,44
2023-11-16 18:46:41.8609990,4094,48
2023-11-16 18:46:42.0542870,4083,43
2023-11-16 18:46:42.0871620,4091,47
2023-11-16 18:46:42.1456750,4102,50
2023-11-16 18:46:42.9511930,4074,38
2023-11-16 18:46:43.6344010,4088,29
2023-11-16 18:46:44.9116760,4076,42
2023-11-16 18:46:45.7830640,4087,44
2023-11-16 18:46:45.8370150,4075,41
2023-11-16 18:46:46.3941030,4082,47
2023-11-16 18:46:46.5599420,4088,34
2023-11-16 18:46:46.6231300,4095,136
2023-11-16 18:46:47.1296370,4075,43
2023-11-16 18:46:48.1678080,4093,42
2023-11-16 18:46:49.7023480,4078,46
2023-11-16 18:46:50.8657280,4078,42
2023-11-16 18:46:52.0343930,4116,91
2023-11-16 18:46:52.2625320,4088,53
2023-11-16 18:46:52.7771610,4078,140
2023-11-16 18:46:53.1246520,4075,113
2023-11-16 18:46:53.4526990,4090,53
2023-11-16 18:46:53.9230660,4095,39
2023-11-16 18:46:54.2495450,4089,86
2023-11-16 18:46:55.2815500,4081,39
2023-11-16 18:46:56.1487570,4075,57
2023-11-16 18:46:56.2215010,4078,24
2023-11-16 18:46:57.2633050,4081,49
2023-11-16 18:46:58.1522080,4085,46
2023-11-16 18:46:58.7935630,4100,54
2023-11-16 18:47:00.0229830,4097,71
2023-11-16 18:47:00.0626210,4084,88
2023-11-16 18:47:00.2237140,4081,55
2023-11-16 18:47:00.6627170,4076,47
2023-11-16 18:47:00.6963160,4088,57
2023-11-16 18:47:00.9627700,4084,29
2023-11-16 18:47:01.3859350,5305,43
2023-11-16 18:47:02.3412800,4078,29
2023-11-16 18:47:02.5881230,4075,98
2023-11-16 18:47:02.6139440,4075,46
2023-11-16 18:47:02.7331800,4080,53
2023-11-16 18:47:02.8285300,4079,60
2023-11-16 18:47:03.7385140,4082,110
2023-11-16 18:47:03.9574990,4084,68
2023-11-16 18:47:04.0615720,4178,64
2023-11-16 18:47:04.5558560,3922,124
2023-11-16 18:47:04.5915330,4089,54
2023-11-16 18:47:04.8885610,4089,36
2023-11-16 18:47:04.9637740,4087,112
2023-11-16 18:47:05.2665780,4083,49
2023-11-16 18:47:05.3667560,4088,77
2023-11-16 18:47:06.0568610,4086,78
2023-11-16 18:47:06.2420080,4084,46
2023-11-16 18:47:06.6806030,4086,33
2023-11-16 18:47:07.3037170,4077,64
2023-11-16 18:47:07.4644280,4079,89
2023-11-16 18:47:09.5329270,4092,56
2023-11-16 18:47:11.2969420,4070,49
2023-11-16 18:47:11.3156510,4120,70
2023-11-16 18:47:12.4289400,4079,90
2023-11-16 18:47:12.6614980,4116,57
2023-11-16 18:47:12.9409370,4085,55
2023-11-16 18:47:13.6464760,4123,60
2023-11-16 18:47:13.7014980,4320,116
2023-11-16 18:47:14.1701460,4097,38
2023-11-16 18:47:14.4700120,4082,48
2023-11-16 18:47:15.0662910,4072,199
2023-11-16 18:47:15.9415410,4076,78
2023-11-16 18:47:16.0727810,4076,33
2023-11-16 18:47:17.4989790,4074,73
2023-11-16 18:47:18.1580880,4083,63
2023-11-16 18:47:20.5437170,4092,35
2023-11-16 18:47:21.5788410,4078,87
2023-11-16 18:47:21.5866210,4077,62
2023-11-16 18:47:21.7727540,4074,43
2023-11-16 18:47:22.9653470,4090,69
2023-11-16 18:47:23.8768930,4088,61
2023-11-16 18:47:23.9578610,4158,40
2023-11-16 18:47:25.0296590,4079,66
2023-11-16 18:47:25.0298250,4084,73
2023-11-16 18:47:25.3292440,4075,26
2023-11-16 18:47:26.4149520,4093,24
2023-11-16 18:47:26.8866980,4088,167
2023-11-16 18:47:27.0826980,4077,37
2023-11-16 18:47:27.6346000,4092,28
2023-11-16 18:47:27.8030720,4077,27
2023-11-16 18:47:29.1243410,4077,40
2023-11-16 18:47:29.1907060,4076,46
2023-11-16 18:47:29.8854890,4085,89
2023-11-16 18:47:30.6235340,4081,48
2023-11-16 18:47:30.7803180,4075,17
2023-11-16 18:47:31.4195270,4084,135
2023-11-16 18:47:31.4700160,4076,48
2023-11-16 18:47:32.1352810,4078,47
2023-11-16 18:47:33.2756930,4084,228
2023-11-16 18:47:34.1465790,4077,39
2023-11-16 18:47:34.1754500,4073,34
2023-11-16 18:47:34.4251540,4074,38
2023-11-16 18:47:34.6176780,3484,55
2023-11-16 18:47:36.2190980,4083,81
2023-11-16 18:47:37.1760810,4091,36
2023-11-16 18:47:37.1795650,4075,46
2023-11-16 18:47:37.2721010,4083,72
2023-11-16 18:47:37.4120360,4085,67
2023-11-16 18:47:38.2934290,4090,42
2023-11-16 18:47:38.5275320,4086,30
2023-11-16 18:47:39.6428700,4084,52
2023-11-16 18:47:39.7725580,4089,47
2023-11-16 18:47:41.3941460,4098,116
2023-11-16 18:47:41.5484610,4097,49
2023-11-16 18:47:42.4096740,4100,89
2023-11-16 18:47:44.2469940,4143,40
2023-11-16 18:47:44.9225140,4086,79
2023-11-16 18:47:45.3201630,4083,45
2023-11-16 18:47:45.3733560,4088,110
2023-11-16 18:47:45.7267450,4088,82
2023-11-16 18:47:46.7226390,4087,103
2023-11-16 18:47:48.1561450,4095,54
2023-11-16 18:47:48.1947850,4088,42
2023-11-16 18:47:48.8978480,4084,65
2023-11-16 18:47:50.8177390,4083,41
2023-11-16 18:47:51.3745500,4088,53
2023-11-16 18:47:55.0655570,4120,50
2023-11-16 18:47:55.2782860,4078,42
2023-11-16 18:47:55.7734060,4074,50
2023-11-16 18:47:56.9988260,4093,75
2023-11-16 18:47:57.7892600,4157,466
2023-11-16 18:47:58.3686550,4076,57
2023-11-16 18:47:58.5486720,4078,182
2023-11-16 18:47:58.5845370,4092,53
2023-11-16 18:47:58.5896150,4122,64
2023-11-16 18:48:00.4296910,4077,40
2023-11-16 18:48:00.9057920,4075,70
2023-11-16 18:48:01.1847350,4081,36
2023-11-16 18:48:02.2812440,4089,35
2023-11-16 18:48:03.4404510,4093,71
2023-11-16 18:48:03.4798000,4079,38
2023-11-16 18:48:03.7861020,4089,68
2023-11-16 18:48:03.9648240,4092,40
2023-11-16 18:48:03.9883610,4076,42
2023-11-16 18:48:04.1511690,4134,55
2023-11-16 18:48:04.9849440,4087,102
2023-11-16 18:48:05.3671870,4077,48
2023-11-16 18:48:06.1982710,4106,66
2023-11-16 18:48:06.6724520,4086,47
2023-11-16 18:48:06.8784860,4095,33
2023-11-16 18:48:07.9021210,4087,64
2023-11-16 18:48:08.4741760,4105,61
2023-11-16 18:48:09.1037250,4129,169
2023-11-16 18:48:09.2379780,4092,45
2023-11-16 18:48:09.5243420,4075,30
2023-11-16 18:48:09.6092060,4078,31
2023-11-16 18:48:10.0293540,4083,36
2023-11-16 18:48:10.1685850,4102,39
2023-11-16 18:48:10.5952350,4091,66
2023-11-16 18:48:11.0962200,4089,131
2023-11-16 18:48:11.4305800,4072,50
2023-11-16 18:48:11.4525400,3105,56
2023-11-16 18:48:12.3805780,4081,39
2023-11-16 18:48:14.1185180,4081,43
2023-11-16 18:48:15.1830220,4127,45
2023-11-16 18:48:15.4026380,3699,49
2023-11-16 18:48:15.6870300,4095,119
2023-11-16 18:48:16.0012480,4076,46
2023-11-16 18:48:16.2302750,4086,17
2023-11-16 18:48:17.3272200,4075,51
2023-11-16 18:48:17.4911300,4081,44
2023-11-16 18:48:17.4947150,4081,294
2023-11-16 18:48:18.1389250,4082,51
2023-11-16 18:48:18.6491880,4111,58
2023-11-16 18:48:19.3133390,4098,47
2023-11-16 18:48:19.4872450,4094,56
2023-11-16 18:48:19.9880240,4081,38
2023-11-16 18:48:20.0540310,4106,39
2023-11-16 18:48:20.3189980,4117,77
2023-11-16 18:48:20.9470730,4157,86
2023-11-16 18:48:21.0467410,4090,31
2023-11-16 18:48:21.7472270,4086,29
2023-11-16 18:48:22.1025100,4080,49
2023-11-16 18:48:22.6246000,4089,111
2023-11-16 18:48:24.4671270,4079,113
2023-11-16 18:48:27.1313940,4091,41
2023-11-16 18:48:31.9279300,4152,38
2023-11-16 18:48:32.4104510,4084,36
2023-11-16 18:48:32.9043780,4081,50
2023-11-16 18:48:33.5119140,4082,336
2023-11-16 18:48:33.8267800,4141,88
2023-11-16 18:48:34.2168500,4085,164
2023-11-16 18:48:34.4613920,4086,87
2023-11-16 18:48:35.0984160,4078,48
2023-11-16 18:48:35.6913560,4082,38
2023-11-16 18:48:36.7762960,4080,46
2023-11-16 18:48:37.2781740,4080,70
2023-11-16 18:48:37.9289850,4085,49
2023-11-16 18:48:38.7652210,4075,37
2023-11-16 18:48:39.7333750,4076,32
2023-11-16 18:48:40.3606080,4077,47
2023-11-16 18:48:41.5753850,4078,41
2023-11-16 18:48:42.2064880,4079,39
2023-11-16 18:48:42.3660680,4075,163
2023-11-16 18:48:42.6294760,4083,48
2023-11-16 18:48:42.7301700,4081,41
2023-11-16 18:48:44.8380850,4077,34
2023-11-16 18:48:46.1507120,4082,43
2023-11-16 18:48:46.6391200,4081,71
2023-11-16 18:48:47.7377220,4096,82
2023-11-16 18:48:47.9389850,4091,67
2023-11-16 18:48:48.5065190,4096,44
2023-11-16 18:48:48.8043450,4077,63
2023-11-16 18:48:50.1275440,4082,51
2023-11-16 18:48:50.2148550,4087,74
2023-11-16 18:48:51.4610760,4095,46
2023-11-16 18:48:52.2704400,4179,51
2023-11-16 18:48:53.1021780,4091,35
2023-11-16 18:48:56.0287610,4098,42
2023-11-16 18:48:57.5499720,4073,46
2023-11-16 18:48:59.4264150,4072,34
2023-11-16 18:48:59.6507330,4099,125
2023-11-16 18:48:59.7027630,4075,28
2023-11-16 18:48:59.9079170,4085,54
2023-11-16 18:49:00.6023240,4087,27
2023-11-16 18:49:00.8390190,4077,66
2023-11-16 18:49:02.5286130,4081,44
2023-11-16 18:49:03.8403820,4085,133
2023-11-16 18:49:06.1495700,4087,77
2023-11-16 18:49:08.0138220,4078,46
2023-11-16 18:49:08.0393480,4083,42
2023-11-16 18:49:08.7713430,4091,39
2023-11-16 18:49:09.1872650,4106,46
2023-11-16 18:49:10.1391620,4111,139
2023-11-16 18:49:12.1849860,4089,84
2023-11-16 18:49:22.4140280,4092,92
2023-11-16 18:49:28.8394990,4078,193
2023-11-16 18:49:31.9043580,4074,30
2023-11-16 18:49:34.4394140,3601,53
2023-11-16 18:49:41.9539020,3837,73
2023-11-16 18:49:44.2887020,4078,117
2023-11-16 18:49:51.0732830,4092,91
2023-11-16 18:49:55.3585200,4109,50
2023-11-16 18:50:01.5766160,4121,62
2023-11-16 18:50:13.1913860,4077,42
2023-11-16 18:50:31.7378000,4082,40
2023-11-16 18:50:32.0602210,3110,46
2023-11-16 18:50:41.3145970,4140,66
2023-11-16 18:50:45.7125250,3305,45
2023-11-16 18:51:06.4387540,6335,100
2023-11-16 18:51:07.2298840,3375,77
2023-11-16 18:51:09.6375390,4624,98
2023-11-16 18:51:12.0379750,4181,51
2023-11-16 18:51:16.1927850,3817,107
2023-11-16 18:51:28.4951150,3367,124
2023-11-16 18:51:44.3514330,3690,100
2023-11-16 18:51:50.9639760,3734,177
2023-11-16 18:51:51.0834640,3874,152
2023-11-16 18:51:51.6317470,3866,171
2023-11-16 18:51:55.4359470,3789,148
2023-11-16 18:51:57.6747150,4527,72
2023-11-16 18:52:04.2500490,3240,154
2023-11-16 18:52:05.7366190,3589,170
2023-11-16 18:52:06.1556500,3589,136
2023-11-16 18:52:06.6035290,3866,151
2023-11-16 18:52:08.8244150,3769,44
2023-11-16 18:52:11.4988790,3367,114
2023-11-16 18:52:17.7778760,3654,151
2023-11-16 18:52:19.4175680,3831,46
2023-11-16 18:52:21.5335820,3196,56
2023-11-16 18:52:24.1263610,3476,143
2023-11-16 18:52:28.2341200,3222,134
2023-11-16 18:52:41.4893030,3331,70
2023-11-16 18:52:48.1108860,3387,52
2023-11-16 18:52:48.5530780,5219,113
2023-11-16 18:52:59.8416250,3672,168
2023-11-16 18:53:18.0825660,5428,137
2023-11-16 18:53:29.6508960,3675,217
2023-11-16 18:53:35.1830140,3074,65
2023-11-16 18:53:47.1002350,3119,105
2023-11-16 18:53:48.0480950,3022,62
2023-11-16 18:54:07.0788390,4428,106
2023-11-16 18:54:09.3584110,5787,78
2023-11-16 18:54:22.1585010,3572,79
2023-11-16 18:54:22.5086040,3200,99
2023-11-16 18:54:42.5800400,3862,43
2023-11-16 18:54:45.9312490,6122,102
2023-11-16 18:55:03.9650150,3672,157
2023-11-16 18:55:15.8657130,3470,53
2023-11-16 18:55:25.2602810,3249,162
2023-11-16 18:55:29.7746590,3929,107
2023-11-16 18:55:37.5851510,3069,155
2023-11-16 18:55:57.8720660,3364,147
2023-11-16 18:56:01.8721850,4184,59
2023-11-16 18:56:06.9914430,4090,41
2023-11-16 18:56:11.1714510,3291,71
2023-11-16 18:56:16.9157930,3164,69
2023-11-16 18:56:25.0480340,4828,118
2023-11-16 18:56:30.0883070,3413,88
2023-11-16 18:56:52.8317460,4380,47
2023-11-16 18:57:00.8062330,3955,106
2023-11-16 18:57:17.9784950,5421,39
2023-11-16 18:57:31.2956770,3384,51
2023-11-16 18:57:45.3104400,3077,77
2023-11-16 18:57:49.7665830,5588,112
2023-11-16 18:57:56.5351050,7219,61
2023-11-16 18:57:56.8484440,3155,69
2023-11-16 18:57:57.4086480,5667,74
2023-11-16 18:58:00.1295010,5035,71
2023-11-16 18:58:00.1884700,3086,75
2023-11-16 18:58:01.1433630,3200,69
2023-11-16 18:58:02.0022130,3238,109
2023-11-16 18:58:03.1802410,4798,83
2023-11-16 18:58:03.7403590,3783,78
2023-11-16 18:58:03.9835990,5125,141
2023-11-16 18:58:04.2944710,5654,62
2023-11-16 18:58:07.0060360,3079,132
2023-11-16 18:58:07.2819150,3297,115
2023-11-16 18:58:08.5204190,3297,59
2023-11-16 18:58:10.2871840,4941,76
2023-11-16 18:58:10.7379270,4201,124
2023-11-16 18:58:11.7552600,3589,82
2023-11-16 18:58:13.8109490,3536,132
2023-11-16 18:58:17.4623490,4831,84
2023-11-16 18:58:19.6246470,5997,190
2023-11-16 18:58:20.8702510,3238,90
2023-11-16 18:58:24.8923000,4941,62
2023-11-16 18:58:28.8667530,4831,64
2023-11-16 18:58:29.3388600,4867,99
2023-11-16 18:58:34.9204530,3536,144
2023-11-16 18:58:37.7221580,4864,124
2023-11-16 18:58:39.8225510,3079,134
2023-11-16 18:58:39.9809370,5997,119
2023-11-16 18:58:41.5190780,5244,30
2023-11-16 18:58:42.3880050,3293,64
2023-11-16 18:58:43.5333590,5803,67
2023-11-16 18:58:47.4980390,4158,99
2023-11-16 18:58:50.0269130,5185,76
2023-11-16 18:58:54.8296440,5416,95
2023-11-16 18:58:58.3151710,5166,68
2023-11-16 18:59:03.9834910,4800,78
2023-11-16 18:59:04.5064730,4773,112
2023-11-16 18:59:10.0098830,5166,163
2023-11-16 18:59:12.3573770,5105,153
2023-11-16 18:59:13.7076380,5981,53
2023-11-16 18:59:17.0200450,5388,103
2023-11-16 18:59:20.8289810,4232,94
2023-11-16 18:59:24.6675050,3150,96
2023-11-16 18:59:28.6587710,5936,63
2023-11-16 18:59:30.4199750,4100,103
2023-11-16 18:59:32.5235410,4463,106
2023-11-16 18:59:37.3719270,3164,137
2023-11-16 18:59:38.0258050,3210,98
2023-11-16 18:59:38.3903220,4804,87
2023-11-16 18:59:39.2172080,4232,127
2023-11-16 18:59:46.8112650,3414,134
2023-11-16 18:59:48.3909170,3617,61
2023-11-16 18:59:50.0388110,6461,67
2023-11-16 18:59:50.3880970,5868,110
2023-11-16 18:59:50.6393590,3979,68
2023-11-16 18:59:52.7768800,6212,133
2023-11-16 18:59:52.7854920,3210,86
2023-11-16 18:59:55.5695870,4975,59
2023-11-16 18:59:56.1454340,3085,66
2023-11-16 18:59:56.4676360,3452,68
2023-11-16 19:00:01.4012770,5939,72
2023-11-16 19:00:01.9784260,5108,115
2023-11-16 19:00:03.4121980,5243,94
2023-11-16 19:00:03.5343710,5290,152
2023-11-16 19:00:05.1408650,5942,61
2023-11-16 19:00:07.5108860,3018,100
2023-11-16 19:00:10.0895970,3085,90
2023-11-16 19:00:10.7536690,3452,113
2023-11-16 19:00:11.4895200,3414,114
2023-11-16 19:00:11.7307080,6280,68
2023-11-16 19:00:12.4120840,5776,98
2023-11-16 19:00:16.9794220,5977,122
2023-11-16 19:00:19.0939470,3497,114
2023-11-16 19:00:20.3598700,3295,130
2023-11-16 19:00:20.6826410,5345,140
2023-11-16 19:00:21.1085810,6352,74
2023-11-16 19:00:21.8579820,5977,116
2023-11-16 19:00:25.2961570,5776,134
2023-11-16 19:00:30.3230690,4251,109
2023-11-16 19:00:30.5179720,3171,147
2023-11-16 19:00:32.3726120,4127,83
2023-11-16 19:00:34.0433490,7096,111
2023-11-16 19:00:34.4776230,4251,81
2023-11-16 19:00:36.1325650,5345,111
2023-11-16 19:00:38.7268850,3628,81
2023-11-16 19:00:40.3829600,3882,105
2023-11-16 19:00:43.6946070,6352,130
2023-11-16 19:00:45.2722500,5071,80
2023-11-16 19:00:47.1021110,3171,123
2023-11-16 19:00:48.6182780,3882,113
2023-11-16 19:00:52.0796210,5572,158
2023-11-16 19:00:54.9396440,5572,126
2023-11-16 19:00:58.1030890,6352,108
2023-11-16 19:00:59.1969510,3751,108
2023-11-16 19:00:59.7491060,7096,162
2023-11-16 19:01:04.3206590,3080,70
2023-11-16 19:01:06.4973810,5071,125
2023-11-16 19:01:11.1792470,4157,124
2023-11-16 19:01:12.0772990,3080,57
2023-11-16 19:01:13.0307210,4764,69
2023-11-16 19:01:15.2335270,3751,171
2023-11-16 19:01:16.8110270,3242,115
2023-11-16 19:01:20.4855880,7096,108
2023-11-16 19:01:20.8932050,3751,150
2023-11-16 19:01:21.2313160,3930,63
2023-11-16 19:01:23.7584330,4157,117
2023-11-16 19:01:29.1490420,3185,100
2023-11-16 19:01:30.0562960,3857,132
2023-11-16 19:01:36.7043110,4157,102
2023-11-16 19:01:37.0223560,3751,131
2023-11-16 19:01:37.2104100,6949,103
2023-11-16 19:01:38.2927310,3815,68
2023-11-16 19:01:39.0488150,4764,93
2023-11-16 19:01:39.1358700,5377,100
2023-11-16 19:01:40.3205700,3185,83
2023-11-16 19:01:43.5893650,3292,139
2023-11-16 19:01:44.3628910,3815,54
2023-11-16 19:01:44.5211910,4527,123
2023-11-16 19:01:46.5080270,4869,77
2023-11-16 19:01:47.5056220,3356,61
2023-11-16 19:01:48.1207790,5158,122
2023-11-16 19:01:49.6119940,5377,85
2023-11-16 19:01:50.2227700,5277,71
2023-11-16 19:01:51.3009100,3751,126
2023-11-16 19:01:53.6345760,3728,138
2023-11-16 19:01:55.1880230,4527,120
2023-11-16 19:01:55.6377720,3090,91
2023-11-16 19:01:57.6810500,3292,149
2023-11-16 19:02:01.3465870,5277,73
2023-11-16 19:02:02.2187950,5158,103
2023-11-16 19:02:06.2469760,5501,49
2023-11-16 19:02:09.1865950,5652,104
2023-11-16 19:02:12.5881930,6949,88
2023-11-16 19:02:13.3989690,3747,143
2023-11-16 19:02:13.6064700,4722,140
2023-11-16 19:02:20.8702760,3747,76
2023-11-16 19:02:29.0662100,4549,125
2023-11-16 19:02:30.9370950,3292,139
2023-11-16 19:02:34.3473730,5652,153
2023-11-16 19:02:38.1244040,4722,162
2023-11-16 19:02:38.2875960,4750,115
2023-11-16 19:02:38.4429460,3617,77
2023-11-16 19:02:48.3187350,3855,44
2023-11-16 19:02:51.0248600,4765,62
2023-11-16 19:03:16.7504250,4143,81
2023-11-16 19:03:22.5881030,4830,89
2023-11-16 19:03:27.2327070,4141,153
2023-11-16 19:03:31.7170480,3268,64
2023-11-16 19:03:34.5615080,3529,53
2023-11-16 19:03:35.2130210,3920,74
2023-11-16 19:03:38.0914460,4549,136
2023-11-16 19:03:38.3440720,3142,123
2023-11-16 19:03:39.2804640,4035,71
2023-11-16 19:03:41.5148800,3136,125
2023-11-16 19:03:41.5653260,5652,145
2023-11-16 19:03:53.2621490,5318,143
2023-11-16 19:04:08.3770170,5485,171
2023-11-16 19:04:11.2636950,4956,62
2023-11-16 19:04:26.6090280,5022,84
2023-11-16 19:04:36.0603250,3369,123
2023-11-16 19:04:40.1311090,3970,121
2023-11-16 19:04:45.3185700,3372,64
2023-11-16 19:04:47.8554900,4950,80
2023-11-16 19:04:48.5389730,3343,140
2023-11-16 19:04:56.4479990,4983,100
2023-11-16 19:05:08.4423310,3920,74
2023-11-16 19:05:12.8193340,4272,73
2023-11-16 19:05:35.2874660,4042,123
2023-11-16 19:05:37.7790750,3264,169
2023-11-16 19:05:43.2689360,5272,74
2023-11-16 19:06:02.2330110,4760,64
2023-11-16 19:06:02.2832450,3378,72
2023-11-16 19:06:03.8972600,3367,128
2023-11-16 19:06:15.0749630,4321,52
2023-11-16 19:06:17.0101690,3048,118
2023-11-16 19:06:20.0179110,3357,125
2023-11-16 19:06:24.1328700,3762,98
2023-11-16 19:07:06.0649040,4010,67
2023-11-16 19:07:06.3510620,4722,134
2023-11-16 19:07:06.9510980,4576,87
2023-11-16 19:07:10.3053990,3926,68
2023-11-16 19:07:19.8473830,3695,77
2023-11-16 19:07:30.5648530,3936,83
2023-11-16 19:07:36.5375790,3264,101
2023-11-16 19:07:50.9928420,3082,140
2023-11-16 19:08:10.7089300,3634,209
2023-11-16 19:08:12.7010740,3113,197
2023-11-16 19:08:16.8289100,3292,138
2023-11-16 19:08:22.0843930,3942,146
2023-11-16 19:08:22.3818070,3549,50
2023-11-16 19:08:40.2662270,3815,139
2023-11-16 19:09:43.0423700,3002,73
2023-11-16 19:10:00.7522820,3747,120
2023-11-16 19:10:00.7891190,3192,187
2023-11-16 19:10:19.0308990,4844,73
2023-11-16 19:10:19.7057970,3389,134
2023-11-16 19:10:20.2352420,3018,49
2023-11-16 19:10:22.9721470,3809,190
2023-11-16 19:10:36.5786910,3561,237
2023-11-16 19:11:10.4826860,3113,170
2023-11-16 19:11:10.6233790,3561,211
2023-11-16 19:11:55.5327070,3666,140
2023-11-16 19:12:09.0327290,3618,113
2023-11-16 19:12:17.0671060,3556,77
2023-11-16 19:12:23.0428940,3589,154
2023-11-16 19:12:57.1712900,3347,117
2023-11-16 19:12:58.8541460,3098,60
2023-11-16 19:13:17.3439630,4902,77
2023-11-16 19:13:18.6020460,3364,98
2023-11-16 19:13:36.7276950,3577,113
2023-11-16 19:13:45.0530090,3614,159
