timestamp,original_rpm,original_prompt_token,original_completion_token
2026-03-03T05:00:00,1915,4851175,248340
2026-03-03T05:02:00,1825,4502800,202325
2026-03-03T05:04:00,1887,4880067,303561
2026-03-03T05:06:00,1944,4201311,233208
2026-03-03T05:08:00,2077,5056610,277421
2026-03-03T05:10:00,2105,4313333,257736
2026-03-03T05:12:00,2112,4114463,314069
2026-03-03T05:14:00,2068,3661252,177979
2026-03-03T05:16:00,1826,4354253,329424
2026-03-03T05:18:00,1972,4096396,262438
2026-03-03T05:20:00,1878,3791226,161434
2026-03-03T05:22:00,1849,4257814,262190
2026-03-03T05:24:00,2348,4439131,248138
2026-03-03T05:26:00,2241,3914519,247271
2026-03-03T05:28:00,1864,4071476,196169
2026-03-03T05:30:00,1880,4471479,209262
2026-03-03T05:32:00,1787,3753884,209934
2026-03-03T05:34:00,1750,3495671,193476
2026-03-03T05:36:00,2136,5138960,247330
2026-03-03T05:38:00,2419,5129197,249529
2026-03-03T05:40:00,2420,4428599,279812
2026-03-03T05:42:00,2154,4631660,188395
2026-03-03T05:44:00,2031,4273019,213277
2026-03-03T05:46:00,1832,3905282,179135
2026-03-03T05:48:00,1853,4043918,204123
2026-03-03T05:50:00,2034,4205101,195297
2026-03-03T05:52:00,2099,4483580,233639
2026-03-03T05:54:00,1817,4232129,203829
2026-03-03T05:56:00,2315,4309268,208568
2026-03-03T05:58:00,2516,4980978,239200
2026-03-03T06:00:00,2416,4899074,199534
2026-03-03T06:02:00,2149,3796734,200213
2026-03-03T06:04:00,2302,4736343,211263
2026-03-03T06:06:00,2137,5092597,203982
2026-03-03T06:08:00,2304,5428712,211414
2026-03-03T06:10:00,1886,4646191,177983
2026-03-03T06:12:00,2170,5165001,210411
2026-03-03T06:14:00,2125,5505913,199956
2026-03-03T06:16:00,1951,5256746,211475
2026-03-03T06:18:00,2422,5178780,207393
2026-03-03T06:20:00,2685,5716695,244912
2026-03-03T06:22:00,2559,5755985,255964
2026-03-03T06:24:00,2401,5555861,261838
2026-03-03T06:26:00,2030,5192257,205749
2026-03-03T06:28:00,2051,4768047,188763
2026-03-03T06:30:00,1800,4358876,210990
2026-03-03T06:32:00,1911,5080433,194730
2026-03-03T06:34:00,2042,5258333,201066
2026-03-03T06:36:00,2307,5106314,202309
2026-03-03T06:38:00,2183,4419154,226792
2026-03-03T06:40:00,2347,5168215,215261
2026-03-03T06:42:00,2386,4902216,231601
2026-03-03T06:44:00,2298,4748862,239392
2026-03-03T06:46:00,2209,4942769,195964
2026-03-03T06:48:00,2527,5345787,221005
2026-03-03T06:50:00,2685,5733423,235773
2026-03-03T06:52:00,2460,5835409,228254
2026-03-03T06:54:00,2564,6018280,244141
2026-03-03T06:56:00,2402,4667116,202045
2026-03-03T06:58:00,2518,4923218,213675
2026-03-03T07:00:00,2168,5549868,205245
2026-03-03T07:02:00,2177,5930803,244785
2026-03-03T07:04:00,2074,5182545,247731
2026-03-03T07:06:00,1734,4248501,189883
2026-03-03T07:08:00,1743,5797726,255451
2026-03-03T07:10:00,1818,5026057,232840
2026-03-03T07:14:00,1949,3953237,244644
2026-03-03T07:16:00,1826,4094743,203315
2026-03-03T07:18:00,1850,4481998,180447
2026-03-03T07:20:00,2032,5304377,220602
2026-03-03T07:22:00,1971,4819136,250431
2026-03-03T07:24:00,1895,4805187,221325
2026-03-03T07:26:00,1950,4451174,199598
2026-03-03T07:28:00,2078,5155393,205879
2026-03-03T07:30:00,2120,4603237,196435
2026-03-03T07:32:00,2255,4598465,244812
2026-03-03T07:34:00,2278,4536702,223272
2026-03-03T07:36:00,2193,4741961,194566
2026-03-03T07:38:00,2178,3848552,205473
2026-03-03T07:40:00,2214,4216545,231188
2026-03-03T07:42:00,2100,4366793,189424
2026-03-03T07:44:00,1808,4106628,214422
2026-03-03T07:46:00,1667,3438239,191960
2026-03-03T07:48:00,1691,3724985,164850
2026-03-03T07:50:00,1644,3631837,241034
2026-03-03T07:52:00,1854,4036760,249826
2026-03-03T07:54:00,1952,3604712,213889
2026-03-03T07:56:00,1742,3920820,249042
2026-03-03T07:58:00,1660,3714413,240795
2026-03-03T08:00:00,2023,4332042,198634
2026-03-03T08:02:00,2122,5187278,229417
2026-03-03T08:04:00,2150,5305154,195856
2026-03-03T08:06:00,1897,5108051,209712
2026-03-03T08:08:00,1862,5347853,249190
2026-03-03T08:10:00,1739,4912698,185904
2026-03-03T08:12:00,1582,4869475,170790
2026-03-03T08:14:00,1726,4687684,228886
2026-03-03T08:16:00,1680,4255429,216721
2026-03-03T08:18:00,1782,6041836,216954
2026-03-03T08:20:00,1837,4732674,221158
2026-03-03T08:22:00,2123,6067896,292751
2026-03-03T08:24:00,1997,4707186,214310
2026-03-03T08:26:00,1990,5367392,226958
2026-03-03T08:28:00,2030,8092388,265079
2026-03-03T08:30:00,1932,6567879,346493
2026-03-03T08:32:00,2069,6121645,272202
2026-03-03T08:34:00,2039,6718614,278037
2026-03-03T08:36:00,1775,6513708,187476
2026-03-03T08:38:00,1911,7036060,245578
2026-03-03T08:40:00,1935,8120580,259683
2026-03-03T08:42:00,1994,7516563,252753
2026-03-03T08:44:00,1990,9642513,237487
2026-03-03T08:46:00,2262,10374895,320560
2026-03-03T08:48:00,2083,10228207,297014
2026-03-03T08:50:00,2411,12369615,330759
2026-03-03T08:52:00,2661,11752631,399031
2026-03-03T08:54:00,2816,15888066,452287
2026-03-03T08:56:00,2796,16442857,465254
2026-03-03T08:58:00,2823,19277638,462100
2026-03-03T09:00:00,2914,20305577,537875
2026-03-03T09:02:00,3089,23981990,614884
2026-03-03T09:04:00,3208,25254257,594132
2026-03-03T09:06:00,3865,27146600,652083
2026-03-03T09:08:00,3863,31387299,697213
2026-03-03T09:10:00,3959,31751212,647676
2026-03-03T09:12:00,4348,34220993,715030
2026-03-03T09:14:00,4795,37007525,867781
2026-03-03T09:16:00,4430,37397629,860257
2026-03-03T09:18:00,4439,37228824,833118
2026-03-03T09:20:00,4698,39912377,852899
2026-03-03T09:22:00,4630,38250234,797384
2026-03-03T09:24:00,4436,37586261,880518
2026-03-03T09:26:00,5247,39026203,944619
2026-03-03T09:28:00,4796,41368461,1026400
2026-03-03T09:30:00,4439,36394202,837880
2026-03-03T09:32:00,5125,39861372,960698
2026-03-03T09:34:00,5235,40751408,1080806
2026-03-03T09:36:00,5307,42752387,1052595
2026-03-03T09:38:00,5528,43807347,935399
2026-03-03T09:40:00,5439,46884502,909735
2026-03-03T09:42:00,6155,45451499,1044078
2026-03-03T09:44:00,5482,43960733,1004894
2026-03-03T09:46:00,5406,48299359,1042636
2026-03-03T09:48:00,5249,45985080,1089074
2026-03-03T09:50:00,5752,45541528,1130755
2026-03-03T09:52:00,5607,48489869,996196
2026-03-03T09:54:00,5724,50709564,1146410
2026-03-03T09:56:00,7180,52719093,1206315
2026-03-03T09:58:00,7065,52740907,1161840
2026-03-03T10:00:00,7456,53812248,1196122
2026-03-03T10:02:00,7570,53004783,1220764
2026-03-03T10:04:00,7891,51032166,1156287
2026-03-03T10:06:00,7674,55721372,1296426
2026-03-03T10:08:00,7093,53407255,1213946
2026-03-03T10:10:00,7422,58900653,1210030
2026-03-03T10:12:00,7510,54384008,1224080
2026-03-03T10:14:00,7296,52651939,1197265
2026-03-03T10:16:00,7492,52937905,1308680
2026-03-03T10:18:00,7710,57122535,1243925
2026-03-03T10:20:00,7425,52621971,1116428
2026-03-03T10:22:00,6912,50555705,1122026
2026-03-03T10:24:00,8214,58151614,1243502
2026-03-03T10:26:00,7313,54158433,1153968
2026-03-03T10:28:00,7509,54567698,1216103
2026-03-03T10:30:00,7243,52880957,1244524
2026-03-03T10:32:00,7435,55491360,1198062
2026-03-03T10:34:00,7592,51512314,1248852
2026-03-03T10:36:00,7421,53342877,1259218
2026-03-03T10:38:00,7865,56549689,1258422
2026-03-03T10:40:00,7529,59345058,1279941
2026-03-03T10:42:00,7818,58464538,1298444
2026-03-03T10:44:00,7609,57429208,1272502
2026-03-03T10:46:00,7604,59205004,1436641
2026-03-03T10:48:00,7902,54070548,1293950
2026-03-03T10:50:00,7831,60093195,1219257
2026-03-03T10:52:00,7314,57329564,1241158
2026-03-03T10:54:00,7963,59050837,1403948
2026-03-03T10:56:00,7541,57260533,1378594
2026-03-03T10:58:00,8559,57537148,1487664
2026-03-03T11:00:00,7333,57364138,1206903
2026-03-03T11:02:00,8131,60235049,1303870
2026-03-03T11:04:00,7251,56821281,1299773
2026-03-03T11:06:00,8011,58436196,1398737
2026-03-03T11:08:00,7583,60360580,1321558
2026-03-03T11:10:00,7541,58640777,1282553
2026-03-03T11:12:00,7470,60200391,1406187
2026-03-03T11:14:00,7937,58638128,1346478
2026-03-03T11:16:00,8162,63633511,1349810
2026-03-03T11:18:00,8708,65090300,1318335
2026-03-03T11:20:00,8194,60689242,1308924
2026-03-03T11:22:00,9763,66300714,1339565
2026-03-03T11:24:00,8306,65155615,1353865
2026-03-03T11:26:00,8461,63420646,1360415
2026-03-03T11:28:00,8641,61571061,1343656
2026-03-03T11:30:00,8926,66364254,1390618
2026-03-03T11:32:00,8716,64626764,1487491
2026-03-03T11:34:00,8185,65607620,1489064
2026-03-03T11:36:00,8109,61307330,1333433
2026-03-03T11:38:00,8001,62356176,1477724
2026-03-03T11:40:00,8052,62393453,1500027
2026-03-03T11:42:00,7626,62839535,1317821
2026-03-03T11:44:00,8075,64304611,1419324
2026-03-03T11:46:00,8081,65238554,1398293
2026-03-03T11:48:00,7646,61836807,1365403
2026-03-03T11:50:00,7451,60914968,1298595
2026-03-03T11:52:00,7196,58574576,1255821
2026-03-03T11:54:00,6850,55959107,1155807
2026-03-03T11:56:00,6691,57388745,1157219
2026-03-03T11:58:00,6808,56982989,1153235
2026-03-03T12:00:00,6413,53993280,1003246
2026-03-03T12:02:00,5526,51710442,933557
2026-03-03T12:04:00,5240,45855871,976146
2026-03-03T12:06:00,5073,46631451,815943
2026-03-03T12:08:00,4758,40542706,765288
2026-03-03T12:10:00,4944,38637902,785087
2026-03-03T12:12:00,4968,37108591,715784
2026-03-03T12:14:00,4607,36152752,740286
2026-03-03T12:16:00,4387,32941802,759769
2026-03-03T12:18:00,4644,33002186,733097
2026-03-03T12:20:00,4516,31875689,645274
2026-03-03T12:22:00,4257,28210695,716831
2026-03-03T12:24:00,3832,24524097,636358
2026-03-03T12:26:00,3644,23248027,524545
2026-03-03T12:28:00,3598,22587486,529654
2026-03-03T12:30:00,3554,22145851,555481
2026-03-03T12:32:00,3394,19752931,474392
2026-03-03T12:34:00,3548,20175286,524368
2026-03-03T12:36:00,3482,16957282,478807
2026-03-03T12:38:00,3398,15046172,421234
2026-03-03T12:40:00,2993,13816792,397336
2026-03-03T12:42:00,3019,14497007,375933
2026-03-03T12:44:00,3283,14813185,445691
2026-03-03T12:46:00,3347,14344799,388285
2026-03-03T12:48:00,3329,14844132,460352
2026-03-03T12:50:00,3313,14079953,425600
2026-03-03T12:52:00,3545,13708631,405419
2026-03-03T12:54:00,2964,13471272,399565
2026-03-03T12:56:00,2901,14750952,362301
2026-03-03T12:58:00,2961,12648916,381976
2026-03-03T13:00:00,3041,13186660,338914
2026-03-03T13:02:00,2889,12236280,359992
2026-03-03T13:04:00,3069,11383921,352839
2026-03-03T13:06:00,2610,10635272,332418
2026-03-03T13:08:00,2813,10932012,361980
2026-03-03T13:10:00,2879,12171715,353506
2026-03-03T13:12:00,2598,10394998,293854
2026-03-03T13:14:00,2545,10218030,332593
2026-03-03T13:16:00,2820,10592676,354011
2026-03-03T13:18:00,2725,11557319,344067
2026-03-03T13:20:00,2727,10317778,368801
2026-03-03T13:22:00,2855,8525140,330071
2026-03-03T13:24:00,2827,10271032,287107
2026-03-03T13:26:00,2693,9529146,294995
2026-03-03T13:28:00,2601,8373538,292438
2026-03-03T13:30:00,2500,8603465,287217
2026-03-03T13:32:00,2525,7818212,275826
2026-03-03T13:34:00,2548,9726269,295778
2026-03-03T13:36:00,2716,10009028,347431
2026-03-03T13:38:00,2752,8399297,318544
2026-03-03T13:40:00,2711,9554296,384743
2026-03-03T13:42:00,2705,9617209,317610
2026-03-03T13:44:00,3125,9840353,366010
2026-03-03T13:46:00,2961,11977434,371776
2026-03-03T13:48:00,3634,13650880,421751
2026-03-03T13:50:00,3783,16549620,462273
2026-03-03T13:52:00,3572,15340892,459946
2026-03-03T13:54:00,3271,16228935,455096
2026-03-03T13:56:00,3510,16208820,441894
2026-03-03T13:58:00,3440,17256850,532847
2026-03-03T14:00:00,3465,16234463,528629
2026-03-03T14:02:00,3725,19749914,563287
2026-03-03T14:04:00,4025,25185967,671242
2026-03-03T14:06:00,4632,32854143,750838
2026-03-03T14:08:00,4913,36090738,788499
2026-03-03T14:10:00,5466,41293591,930763
2026-03-03T14:12:00,5614,44239166,1020909
2026-03-03T14:14:00,6184,45681308,1009440
2026-03-03T14:16:00,6185,50855148,1049725
2026-03-03T14:18:00,6495,51978066,1160006
2026-03-03T14:20:00,7038,49828446,1162909
2026-03-03T14:22:00,6959,51158598,1158883
2026-03-03T14:24:00,7613,54344459,1122258
2026-03-03T14:26:00,6867,53618624,1152361
2026-03-03T14:28:00,7477,59290850,1218943
2026-03-03T14:30:00,7727,58373959,1329948
2026-03-03T14:32:00,7597,62243536,1327833
2026-03-03T14:34:00,8159,58994693,1361910
2026-03-03T14:36:00,7755,59709972,1342802
2026-03-03T14:38:00,8774,62142605,1358247
2026-03-03T14:40:00,8115,64289406,1289820
2026-03-03T14:42:00,8437,63754741,1303048
2026-03-03T14:44:00,8665,63181073,1352671
2026-03-03T14:46:00,8340,67456828,1346452
2026-03-03T14:48:00,8151,63646872,1299078
2026-03-03T14:50:00,8134,67537253,1280816
2026-03-03T14:52:00,8024,64981596,1361096
2026-03-03T14:54:00,7678,64339566,1326616
2026-03-03T14:56:00,8443,67070257,1292504
2026-03-03T14:58:00,7967,63390669,1226791
2026-03-03T15:00:00,7767,65546555,1287165
2026-03-03T15:02:00,7962,68504633,1247317
2026-03-03T15:04:00,7805,64399038,1314163
2026-03-03T15:06:00,8075,64866200,1415890
2026-03-03T15:08:00,8045,67391505,1270535
2026-03-03T15:10:00,8220,67988690,1378138
2026-03-03T15:12:00,7821,66732804,1367119
2026-03-03T15:14:00,8186,68095169,1268931
2026-03-03T15:16:00,7632,67172766,1272561
2026-03-03T15:18:00,7839,70811012,1386842
2026-03-03T15:20:00,7618,69383461,1382657
2026-03-03T15:22:00,7992,65704682,1396041
2026-03-03T15:24:00,8111,66589956,1361018
2026-03-03T15:26:00,7620,66641160,1293611
2026-03-03T15:28:00,7761,68210470,1232611
2026-03-03T15:30:00,8357,70353659,1346001
2026-03-03T15:32:00,7971,68182014,1325325
2026-03-03T15:34:00,7963,70515729,1270109
2026-03-03T15:36:00,8157,68136121,1364748
2026-03-03T15:38:00,7696,66585759,1277434
2026-03-03T15:40:00,7739,70723785,1421263
2026-03-03T15:42:00,7684,67049918,1363759
2026-03-03T15:44:00,7513,65696348,1440636
2026-03-03T15:46:00,7430,62147560,1279596
2026-03-03T15:48:00,7706,66033188,1399536
2026-03-03T15:50:00,7408,65940822,1347125
2026-03-03T15:52:00,7345,66859647,1502948
2026-03-03T15:54:00,7387,66665551,1516044
2026-03-03T15:56:00,7704,66185330,1471555
2026-03-03T15:58:00,7661,67602677,1363306
2026-03-03T16:00:00,7328,62135327,1213971
2026-03-03T16:02:00,7900,61847067,1261321
2026-03-03T16:04:00,7873,62160309,1324793
2026-03-03T16:06:00,7837,62767369,1294735
2026-03-03T16:08:00,7201,59361079,1307453
2026-03-03T16:10:00,7585,61919900,1319147
2026-03-03T16:12:00,8030,63596850,1251804
2026-03-03T16:14:00,7613,60544373,1295263
2026-03-03T16:16:00,7424,60416466,1272828
2026-03-03T16:18:00,7406,66834305,1415627
2026-03-03T16:20:00,7542,64541810,1294654
2026-03-03T16:22:00,7287,63435199,1422972
2026-03-03T16:24:00,7866,66839718,1439551
2026-03-03T16:26:00,7569,68720708,1442908
2026-03-03T16:28:00,7667,63227703,1403443
2026-03-03T16:30:00,7873,66736351,1433705
2026-03-03T16:32:00,7687,64944254,1384239
2026-03-03T16:34:00,7511,67608916,1237233
2026-03-03T16:36:00,7696,71032388,1450715
2026-03-03T16:38:00,7522,69363337,1355380
2026-03-03T16:40:00,7521,68331645,1329900
2026-03-03T16:42:00,7481,65880553,1346285
2026-03-03T16:44:00,7346,64777640,1339388
2026-03-03T16:46:00,7233,66508506,1341361
2026-03-03T16:48:00,7529,67263267,1332971
2026-03-03T16:50:00,8173,66737179,1352542
2026-03-03T16:52:00,7711,64648051,1260910
2026-03-03T16:54:00,7545,61327231,1315104
2026-03-03T16:56:00,8178,67966550,1460592
2026-03-03T16:58:00,8306,66783743,1319206
2026-03-03T17:00:00,8007,67112387,1294375
2026-03-03T17:02:00,7555,59114453,1384387
2026-03-03T17:04:00,7563,63435513,1322336
2026-03-03T17:06:00,7618,64345188,1277269
2026-03-03T17:08:00,7593,62221462,1308688
2026-03-03T17:10:00,8158,61824348,1378036
2026-03-03T17:12:00,7739,64485026,1347983
2026-03-03T17:14:00,7661,65591426,1287894
2026-03-03T17:16:00,7972,65610772,1341261
2026-03-03T17:18:00,7659,66810172,1533150
2026-03-03T17:20:00,8189,65959625,1380380
2026-03-03T17:22:00,7281,61430450,1392916
2026-03-03T17:24:00,7756,65542943,1378414
2026-03-03T17:26:00,7181,62999665,1327501
2026-03-03T17:28:00,7383,61962159,1342135
2026-03-03T17:30:00,7582,61005562,1388137
2026-03-03T17:32:00,6977,57829825,1324347
2026-03-03T17:34:00,6658,57565580,1385746
2026-03-03T17:36:00,6428,56884310,1561968
2026-03-03T17:38:00,6793,54751072,1354332
2026-03-03T17:40:00,6578,54473037,1256594
2026-03-03T17:42:00,6490,54293286,1349430
2026-03-03T17:44:00,6382,54905764,1261328
2026-03-03T17:46:00,6309,51404668,1239281
2026-03-03T17:48:00,5932,50346168,1092187
2026-03-03T17:50:00,5833,53556701,1163412
2026-03-03T17:52:00,6129,52834951,1196186
2026-03-03T17:54:00,6009,44844307,1025991
2026-03-03T17:56:00,6525,47559011,1118405
2026-03-03T17:58:00,6151,45629785,1022784
2026-03-03T18:00:00,5708,44138289,1104856
2026-03-03T18:02:00,5216,41257894,958713
2026-03-03T18:04:00,5154,40577611,1080037
2026-03-03T18:06:00,5204,40284377,1001112
2026-03-03T18:08:00,5111,41456364,914051
2026-03-03T18:10:00,4805,37268943,823978
2026-03-03T18:12:00,4418,35689796,827752
2026-03-03T18:14:00,4808,36955242,849859
2026-03-03T18:16:00,4718,34076508,805721
2026-03-03T18:18:00,4527,32349343,754404
2026-03-03T18:20:00,4370,31703380,731679
2026-03-03T18:22:00,4279,29806485,670912
2026-03-03T18:24:00,4975,30305763,758252
2026-03-03T18:26:00,4406,29780832,660331
2026-03-03T18:28:00,4357,28286585,695394
2026-03-03T18:30:00,4339,28017885,737464
2026-03-03T18:32:00,4203,28399795,639720
2026-03-03T18:34:00,4186,24039620,609407
2026-03-03T18:36:00,4193,27148998,645705
2026-03-03T18:38:00,3811,29262714,633527
2026-03-03T18:40:00,3810,26011919,707622
2026-03-03T18:42:00,3802,27349926,577908
2026-03-03T18:44:00,3765,25689986,676594
2026-03-03T18:46:00,4230,29441542,700384
2026-03-03T18:48:00,4159,29055334,777423
2026-03-03T18:50:00,3564,28241077,737109
2026-03-03T18:52:00,3927,26861439,655137
2026-03-03T18:54:00,3659,24618348,711738
2026-03-03T18:56:00,3633,23687450,616452
2026-03-03T18:58:00,3793,26623815,667313
2026-03-03T19:00:00,4282,26722439,667313
2026-03-03T19:02:00,4132,25772727,672194
2026-03-03T19:04:00,3988,27708417,605729
2026-03-03T19:06:00,4031,28588071,805764
2026-03-03T19:08:00,4320,27445885,718801
2026-03-03T19:10:00,5177,33906722,851200
2026-03-03T19:12:00,4678,33914917,866095
2026-03-03T19:14:00,4886,32846016,908622
2026-03-03T19:16:00,4592,33852631,951843
2026-03-03T19:18:00,4669,31756748,921695
2026-03-03T19:20:00,5417,29793709,884057
2026-03-03T19:22:00,4786,33574881,899918
2026-03-03T19:24:00,4554,32936725,923768
2026-03-03T19:26:00,4479,32567277,944164
2026-03-03T19:28:00,4910,32079954,850501
2026-03-03T19:30:00,4542,34548061,813501
2026-03-03T19:32:00,5337,35554484,885882
2026-03-03T19:34:00,4598,34318970,850392
2026-03-03T19:36:00,4372,34751860,863461
2026-03-03T19:38:00,4376,34368794,773902
2026-03-03T19:40:00,4939,33279301,859141
2026-03-03T19:42:00,4402,35644071,811938
2026-03-03T19:44:00,5107,36951355,919704
2026-03-03T19:46:00,4489,36719248,771241
2026-03-03T19:48:00,4586,34757844,796017
2026-03-03T19:50:00,4865,36350878,820504
2026-03-03T19:52:00,5183,36915068,770608
2026-03-03T19:54:00,5634,37098247,854161
2026-03-03T19:56:00,5107,40039413,821890
2026-03-03T19:58:00,4679,37652865,853110
2026-03-03T20:00:00,5194,40905788,815381
2026-03-03T20:02:00,4654,36759342,828270
2026-03-03T20:04:00,5219,36554421,851110
2026-03-03T20:06:00,5292,40984738,892494
2026-03-03T20:08:00,4680,35123088,836402
2026-03-03T20:10:00,4618,35749792,877734
2026-03-03T20:12:00,4405,34353491,806061
2026-03-03T20:14:00,4632,35309442,867347
2026-03-03T20:16:00,4574,34373048,894027
2026-03-03T20:18:00,5199,37050107,833464
2026-03-03T20:20:00,5118,35309486,906100
2026-03-03T20:22:00,5453,37315386,912244
2026-03-03T20:24:00,5188,36896030,895170
2026-03-03T20:26:00,5075,36306249,751038
2026-03-03T20:28:00,4657,37431432,831465
2026-03-03T20:30:00,4928,37867627,936224
2026-03-03T20:32:00,4397,35030284,833413
2026-03-03T20:34:00,4364,33036524,785490
2026-03-03T20:36:00,4311,35304372,717083
2026-03-03T20:38:00,4154,33365185,909882
2026-03-03T20:40:00,5635,33465333,896044
2026-03-03T20:42:00,4636,29806325,710264
2026-03-03T20:44:00,4104,29540213,709735
2026-03-03T20:46:00,3913,29524354,720589
2026-03-03T20:48:00,4226,26996083,709118
2026-03-03T20:50:00,4019,29102794,693282
2026-03-03T20:52:00,3904,31232754,716592
2026-03-03T20:54:00,3942,29141469,678376
2026-03-03T20:56:00,3956,28799833,673415
2026-03-03T20:58:00,3942,28339012,609753
2026-03-03T21:00:00,4337,29514130,740208
2026-03-03T21:02:00,4006,27219986,661406
2026-03-03T21:04:00,3926,26605846,661770
2026-03-03T21:06:00,3779,26574420,603113
2026-03-03T21:08:00,3777,25564804,605143
2026-03-03T21:10:00,3465,26064528,562255
2026-03-03T21:12:00,3877,26871865,576185
2026-03-03T21:14:00,3666,25196177,574699
2026-03-03T21:16:00,3534,24542639,606964
2026-03-03T21:18:00,4132,20382278,577129
2026-03-03T21:20:00,3539,21839462,561689
2026-03-03T21:22:00,3582,19332840,551754
2026-03-03T21:24:00,3624,16648621,495534
2026-03-03T21:26:00,3729,20023601,545535
2026-03-03T21:28:00,4156,19034904,617699
2026-03-03T21:30:00,4124,17209201,599873
2026-03-03T21:32:00,3538,15707674,550604
2026-03-03T21:34:00,3384,18444741,484941
2026-03-03T21:36:00,3598,16692527,491836
2026-03-03T21:38:00,3473,17462057,519644
2026-03-03T21:40:00,3245,16051375,528336
2026-03-03T21:42:00,3247,15996059,557258
2026-03-03T21:44:00,3259,15972184,526885
2026-03-03T21:46:00,3338,17187635,430517
2026-03-03T21:48:00,3157,16086336,460158
2026-03-03T21:50:00,3589,17151874,618558
2026-03-03T21:52:00,3474,17299798,525048
2026-03-03T21:54:00,3227,17227369,440527
2026-03-03T21:56:00,3803,18243442,536241
2026-03-03T21:58:00,3379,12802461,408088
2026-03-03T22:00:00,3542,17687115,481334
2026-03-03T22:02:00,3687,18194292,453040
2026-03-03T22:04:00,3818,19074376,452533
2026-03-03T22:06:00,3254,16378251,454153
2026-03-03T22:08:00,3551,14576079,555951
2026-03-03T22:10:00,3948,14044013,418148
2026-03-03T22:12:00,3297,13793176,442930
2026-03-03T22:14:00,2936,13397128,375708
2026-03-03T22:16:00,4147,15944851,451655
2026-03-03T22:18:00,3070,13768273,419709
2026-03-03T22:20:00,3571,13874903,453827
2026-03-03T22:22:00,3258,13561280,383716
2026-03-03T22:24:00,3730,14288200,438837
2026-03-03T22:26:00,3320,13602966,362226
2026-03-03T22:28:00,3355,12100664,432312
2026-03-03T22:30:00,2987,11987599,355241
2026-03-03T22:32:00,2848,11768715,364580
2026-03-03T22:34:00,2884,12129041,425239
2026-03-03T22:36:00,3019,10443977,392169
2026-03-03T22:38:00,3364,11804720,403639
2026-03-03T22:40:00,3004,13556784,366848
2026-03-03T22:42:00,3248,10695927,400027
2026-03-03T22:44:00,3078,12684668,404216
2026-03-03T22:46:00,3376,12005719,413641
2026-03-03T22:48:00,3047,13345694,426722
2026-03-03T22:50:00,2834,11301570,375035
2026-03-03T22:52:00,2997,10375369,346039
2026-03-03T22:54:00,3216,9454163,347453
2026-03-03T22:56:00,3174,8751195,422330
2026-03-03T22:58:00,2995,7628656,364074
2026-03-03T23:00:00,3269,11270938,338064
2026-03-03T23:02:00,3103,7704974,330807
2026-03-03T23:04:00,3136,7817673,298108
2026-03-03T23:06:00,3189,7638087,363007
2026-03-03T23:08:00,3599,9673535,343436
2026-03-03T23:10:00,3333,9128741,323289
2026-03-03T23:12:00,3362,8452660,353056
2026-03-03T23:14:00,3583,9785214,347237
2026-03-03T23:16:00,3263,8681144,365157
2026-03-03T23:18:00,3449,8528883,334719
2026-03-03T23:20:00,3130,8887287,404529
2026-03-03T23:22:00,3267,9193904,381514
2026-03-03T23:24:00,3254,8414132,356364
2026-03-03T23:26:00,3119,8883010,352829
2026-03-03T23:28:00,3235,8564156,380165
2026-03-03T23:30:00,3226,8482936,300612
2026-03-03T23:32:00,3469,8483969,437815
2026-03-03T23:34:00,3252,7969527,345934
2026-03-03T23:36:00,3235,7406873,369794
2026-03-03T23:38:00,3388,7912183,463350
2026-03-03T23:40:00,3463,7194675,386282
2026-03-03T23:42:00,3373,6624234,363279
2026-03-03T23:44:00,4006,7724868,345678
2026-03-03T23:46:00,3778,7962759,384326
2026-03-03T23:48:00,3450,7934454,330990
2026-03-03T23:50:00,3500,8308923,325786
2026-03-03T23:52:00,3438,9340714,359954
2026-03-03T23:54:00,3172,7960084,352332
2026-03-03T23:56:00,3279,7217452,282926
2026-03-03T23:58:00,3032,7942692,344032
