timestamp,original_rpm,original_prompt_token,original_completion_token
2026-03-03T05:00:00,1915,4851175,248340
2026-03-03T05:01:00,1900,4562221,169888
2026-03-03T05:02:00,1825,4502800,202325
2026-03-03T05:03:00,1754,4358318,165219
2026-03-03T05:04:00,1887,4880067,303561
2026-03-03T05:05:00,2086,4456591,214375
2026-03-03T05:06:00,1944,4201311,233208
2026-03-03T05:07:00,1995,4690390,223050
2026-03-03T05:08:00,2077,5056610,277421
2026-03-03T05:09:00,2178,4701966,289369
2026-03-03T05:10:00,2105,4313333,257736
2026-03-03T05:11:00,2251,4418828,232340
2026-03-03T05:12:00,2112,4114463,314069
2026-03-03T05:13:00,2237,3919557,236963
2026-03-03T05:14:00,2068,3661252,177979
2026-03-03T05:15:00,1899,4227076,221820
2026-03-03T05:16:00,1826,4354253,329424
2026-03-03T05:17:00,1893,4209563,196999
2026-03-03T05:18:00,1972,4096396,262438
2026-03-03T05:19:00,2104,4700436,198803
2026-03-03T05:20:00,1878,3791226,161434
2026-03-03T05:21:00,1884,4295211,246966
2026-03-03T05:22:00,1849,4257814,262190
2026-03-03T05:23:00,2088,4071591,233600
2026-03-03T05:24:00,2348,4439131,248138
2026-03-03T05:25:00,2214,4105958,234629
2026-03-03T05:26:00,2241,3914519,247271
2026-03-03T05:27:00,1845,4110685,216409
2026-03-03T05:28:00,1864,4071476,196169
2026-03-03T05:29:00,2042,4449164,248000
2026-03-03T05:30:00,1880,4471479,209262
2026-03-03T05:31:00,1881,4287876,249146
2026-03-03T05:32:00,1787,3753884,209934
2026-03-03T05:33:00,1676,3559952,174747
2026-03-03T05:34:00,1750,3495671,193476
2026-03-03T05:35:00,2144,4511236,223893
2026-03-03T05:36:00,2136,5138960,247330
2026-03-03T05:37:00,2429,4867729,213990
2026-03-03T05:38:00,2419,5129197,249529
2026-03-03T05:39:00,2478,4670791,191961
2026-03-03T05:40:00,2420,4428599,279812
2026-03-03T05:41:00,2214,4579058,208637
2026-03-03T05:42:00,2154,4631660,188395
2026-03-03T05:43:00,2000,4321317,209271
2026-03-03T05:44:00,2031,4273019,213277
2026-03-03T05:45:00,1897,4202197,197397
2026-03-03T05:46:00,1832,3905282,179135
2026-03-03T05:47:00,1811,3841340,190741
2026-03-03T05:48:00,1853,4043918,204123
2026-03-03T05:49:00,2020,4110652,210044
2026-03-03T05:50:00,2034,4205101,195297
2026-03-03T05:51:00,2238,4820168,170046
2026-03-03T05:52:00,2099,4483580,233639
2026-03-03T05:53:00,1818,3914021,194379
2026-03-03T05:54:00,1817,4232129,203829
2026-03-03T05:55:00,1937,4029656,192216
2026-03-03T05:56:00,2315,4309268,208568
2026-03-03T05:57:00,2207,4178103,210721
2026-03-03T05:58:00,2516,4980978,239200
2026-03-03T05:59:00,2492,4755574,246570
2026-03-03T06:00:00,2416,4899074,199534
2026-03-03T06:01:00,2285,4754396,215147
2026-03-03T06:02:00,2149,3796734,200213
2026-03-03T06:03:00,2416,4615370,217539
2026-03-03T06:04:00,2302,4736343,211263
2026-03-03T06:05:00,2342,5122840,226331
2026-03-03T06:06:00,2137,5092597,203982
2026-03-03T06:07:00,2191,4798559,221759
2026-03-03T06:08:00,2304,5428712,211414
2026-03-03T06:09:00,1853,4722881,177798
2026-03-03T06:10:00,1886,4646191,177983
2026-03-03T06:11:00,2162,5156002,249481
2026-03-03T06:12:00,2170,5165001,210411
2026-03-03T06:13:00,2152,5898170,196942
2026-03-03T06:14:00,2125,5505913,199956
2026-03-03T06:15:00,2169,5667811,218162
2026-03-03T06:16:00,1951,5256746,211475
2026-03-03T06:17:00,2098,5266641,201538
2026-03-03T06:18:00,2422,5178780,207393
2026-03-03T06:19:00,2601,5594542,220859
2026-03-03T06:20:00,2685,5716695,244912
2026-03-03T06:21:00,2454,5258886,216573
2026-03-03T06:22:00,2559,5755985,255964
2026-03-03T06:23:00,2510,4931478,188847
2026-03-03T06:24:00,2401,5555861,261838
2026-03-03T06:25:00,2168,5290636,210905
2026-03-03T06:26:00,2030,5192257,205749
2026-03-03T06:27:00,2006,4961492,178100
2026-03-03T06:28:00,2051,4768047,188763
2026-03-03T06:29:00,1900,4164749,175176
2026-03-03T06:30:00,1800,4358876,210990
2026-03-03T06:31:00,1897,5060805,193498
2026-03-03T06:32:00,1911,5080433,194730
2026-03-03T06:33:00,1837,5355567,193229
2026-03-03T06:34:00,2042,5258333,201066
2026-03-03T06:35:00,2188,5268224,183287
2026-03-03T06:36:00,2307,5106314,202309
2026-03-03T06:37:00,2232,5258446,220192
2026-03-03T06:38:00,2183,4419154,226792
2026-03-03T06:39:00,2158,5064307,201741
2026-03-03T06:40:00,2347,5168215,215261
2026-03-03T06:41:00,2576,5409228,241684
2026-03-03T06:42:00,2386,4902216,231601
2026-03-03T06:43:00,2466,5569514,286434
2026-03-03T06:44:00,2298,4748862,239392
2026-03-03T06:45:00,2212,5369595,191066
2026-03-03T06:46:00,2209,4942769,195964
2026-03-03T06:47:00,2239,5003165,188431
2026-03-03T06:48:00,2527,5345787,221005
2026-03-03T06:49:00,2624,5280831,250019
2026-03-03T06:50:00,2685,5733423,235773
2026-03-03T06:51:00,2594,5953524,231127
2026-03-03T06:52:00,2460,5835409,228254
2026-03-03T06:53:00,2538,5424870,229094
2026-03-03T06:54:00,2564,6018280,244141
2026-03-03T06:55:00,2702,5663028,213753
2026-03-03T06:56:00,2402,4667116,202045
2026-03-03T06:57:00,2350,4856405,198497
2026-03-03T06:58:00,2518,4923218,213675
2026-03-03T06:59:00,2483,5446794,225211
2026-03-03T07:00:00,2168,5549868,205245
2026-03-03T07:01:00,2184,6215917,243745
2026-03-03T07:02:00,2177,5930803,244785
2026-03-03T07:03:00,2202,5504037,250836
2026-03-03T07:04:00,2074,5182545,247731
2026-03-03T07:05:00,1878,4915574,249516
2026-03-03T07:06:00,1734,4248501,189883
2026-03-03T07:07:00,1617,4831251,217149
2026-03-03T07:08:00,1743,5797726,255451
2026-03-03T07:09:00,1791,5688728,230438
2026-03-03T07:10:00,1818,5026057,232840
2026-03-03T07:11:00,1777,5571759,238760
2026-03-03T07:12:00,1901,,183561
2026-03-03T07:13:00,1965,4454647,268647
2026-03-03T07:14:00,1949,3953237,244644
2026-03-03T07:15:00,1835,4431374,230920
2026-03-03T07:16:00,1826,4094743,203315
2026-03-03T07:17:00,1825,4692694,214880
2026-03-03T07:18:00,1850,4481998,180447
2026-03-03T07:19:00,2040,5098173,207810
2026-03-03T07:20:00,2032,5304377,220602
2026-03-03T07:21:00,1983,4816520,242843
2026-03-03T07:22:00,1971,4819136,250431
2026-03-03T07:23:00,1944,4826515,218487
2026-03-03T07:24:00,1895,4805187,221325
2026-03-03T07:25:00,1978,4494643,206358
2026-03-03T07:26:00,1950,4451174,199598
2026-03-03T07:27:00,2008,4689932,262581
2026-03-03T07:28:00,2078,5155393,205879
2026-03-03T07:29:00,2014,5143569,180831
2026-03-03T07:30:00,2120,4603237,196435
2026-03-03T07:31:00,2275,5214055,224872
2026-03-03T07:32:00,2255,4598465,244812
2026-03-03T07:33:00,2355,4580968,249229
2026-03-03T07:34:00,2278,4536702,223272
2026-03-03T07:35:00,2331,5304621,250373
2026-03-03T07:36:00,2193,4741961,194566
2026-03-03T07:37:00,2125,4195628,228078
2026-03-03T07:38:00,2178,3848552,205473
2026-03-03T07:39:00,2276,4245358,231941
2026-03-03T07:40:00,2214,4216545,231188
2026-03-03T07:41:00,2146,4207561,193521
2026-03-03T07:42:00,2100,4366793,189424
2026-03-03T07:43:00,1991,3937758,273998
2026-03-03T07:44:00,1808,4106628,214422
2026-03-03T07:45:00,1797,3698484,234888
2026-03-03T07:46:00,1667,3438239,191960
2026-03-03T07:47:00,1648,3391838,220874
2026-03-03T07:48:00,1691,3724985,164850
2026-03-03T07:49:00,1725,3869527,193531
2026-03-03T07:50:00,1644,3631837,241034
2026-03-03T07:51:00,1648,3941734,184524
2026-03-03T07:52:00,1854,4036760,249826
2026-03-03T07:53:00,2014,3510034,192989
2026-03-03T07:54:00,1952,3604712,213889
2026-03-03T07:55:00,1777,3668626,184298
2026-03-03T07:56:00,1742,3920820,249042
2026-03-03T07:57:00,1552,3759032,165839
2026-03-03T07:58:00,1660,3714413,240795
2026-03-03T07:59:00,2108,3465595,214517
2026-03-03T08:00:00,2023,4332042,198634
2026-03-03T08:01:00,2034,4152604,198591
2026-03-03T08:02:00,2122,5187278,229417
2026-03-03T08:03:00,2074,5132944,234917
2026-03-03T08:04:00,2150,5305154,195856
2026-03-03T08:05:00,2047,4740020,243607
2026-03-03T08:06:00,1897,5108051,209712
2026-03-03T08:07:00,1745,4588916,244510
2026-03-03T08:08:00,1862,5347853,249190
2026-03-03T08:09:00,1840,5171681,190969
2026-03-03T08:10:00,1739,4912698,185904
2026-03-03T08:11:00,1635,4745365,245801
2026-03-03T08:12:00,1582,4869475,170790
2026-03-03T08:13:00,1783,5225945,211395
2026-03-03T08:14:00,1726,4687684,228886
2026-03-03T08:15:00,1615,4476705,219591
2026-03-03T08:16:00,1680,4255429,216721
2026-03-03T08:17:00,1671,4243115,183381
2026-03-03T08:18:00,1782,6041836,216954
2026-03-03T08:19:00,1776,4160440,239185
2026-03-03T08:20:00,1837,4732674,221158
2026-03-03T08:21:00,2006,4719857,243306
2026-03-03T08:22:00,2123,6067896,292751
2026-03-03T08:23:00,2192,5563934,274277
2026-03-03T08:24:00,1997,4707186,214310
2026-03-03T08:25:00,1944,4975340,206256
2026-03-03T08:26:00,1990,5367392,226958
2026-03-03T08:27:00,2011,6986564,193359
2026-03-03T08:28:00,2030,8092388,265079
2026-03-03T08:29:00,1742,6594048,243597
2026-03-03T08:30:00,1932,6567879,346493
2026-03-03T08:31:00,2084,5574872,257911
2026-03-03T08:32:00,2069,6121645,272202
2026-03-03T08:33:00,2021,5983716,239811
2026-03-03T08:34:00,2039,6718614,278037
2026-03-03T08:35:00,1857,6030718,203465
2026-03-03T08:36:00,1775,6513708,187476
2026-03-03T08:37:00,1890,6374834,197693
2026-03-03T08:38:00,1911,7036060,245578
2026-03-03T08:39:00,1910,8839812,273398
2026-03-03T08:40:00,1935,8120580,259683
2026-03-03T08:41:00,1960,8883838,244524
2026-03-03T08:42:00,1994,7516563,252753
2026-03-03T08:43:00,1957,7790997,230000
2026-03-03T08:44:00,1990,9642513,237487
2026-03-03T08:45:00,2121,10239647,304544
2026-03-03T08:46:00,2262,10374895,320560
2026-03-03T08:47:00,2280,10892707,351463
2026-03-03T08:48:00,2083,10228207,297014
2026-03-03T08:49:00,2293,11974753,325704
2026-03-03T08:50:00,2411,12369615,330759
2026-03-03T08:51:00,2431,13425822,385180
2026-03-03T08:52:00,2661,11752631,399031
2026-03-03T08:53:00,2815,13762235,366506
2026-03-03T08:54:00,2816,15888066,452287
2026-03-03T08:55:00,2625,13930002,436389
2026-03-03T08:56:00,2796,16442857,465254
2026-03-03T08:57:00,2918,18804098,496032
2026-03-03T08:58:00,2823,19277638,462100
2026-03-03T08:59:00,2904,19046367,507673
2026-03-03T09:00:00,2914,20305577,537875
2026-03-03T09:01:00,3006,23056819,525357
2026-03-03T09:02:00,3089,23981990,614884
2026-03-03T09:03:00,3038,25207795,515101
2026-03-03T09:04:00,3208,25254257,594132
2026-03-03T09:05:00,3757,28260932,673121
2026-03-03T09:06:00,3865,27146600,652083
2026-03-03T09:07:00,3851,27269297,665274
2026-03-03T09:08:00,3863,31387299,697213
2026-03-03T09:09:00,4040,31534670,716310
2026-03-03T09:10:00,3959,31751212,647676
2026-03-03T09:11:00,3936,30393792,796905
2026-03-03T09:12:00,4348,34220993,715030
2026-03-03T09:13:00,4357,35477633,811944
2026-03-03T09:14:00,4795,37007525,867781
2026-03-03T09:15:00,4556,38401841,892691
2026-03-03T09:16:00,4430,37397629,860257
2026-03-03T09:17:00,4156,33674191,793731
2026-03-03T09:18:00,4439,37228824,833118
2026-03-03T09:19:00,4479,39429959,895298
2026-03-03T09:20:00,4698,39912377,852899
2026-03-03T09:21:00,4927,38513875,921879
2026-03-03T09:22:00,4630,38250234,797384
2026-03-03T09:23:00,4681,40648242,913756
2026-03-03T09:24:00,4436,37586261,880518
2026-03-03T09:25:00,4826,34899636,863395
2026-03-03T09:26:00,5247,39026203,944619
2026-03-03T09:27:00,4917,39091870,1004961
2026-03-03T09:28:00,4796,41368461,1026400
2026-03-03T09:29:00,4568,38927856,906628
2026-03-03T09:30:00,4439,36394202,837880
2026-03-03T09:31:00,4944,39610694,932662
2026-03-03T09:32:00,5125,39861372,960698
2026-03-03T09:33:00,5121,38741699,988690
2026-03-03T09:34:00,5235,40751408,1080806
2026-03-03T09:35:00,5353,43100195,1030269
2026-03-03T09:36:00,5307,42752387,1052595
2026-03-03T09:37:00,5643,44075932,1019926
2026-03-03T09:38:00,5528,43807347,935399
2026-03-03T09:39:00,5367,42283208,928292
2026-03-03T09:40:00,5439,46884502,909735
2026-03-03T09:41:00,5693,45841005,1016785
2026-03-03T09:42:00,6155,45451499,1044078
2026-03-03T09:43:00,6200,43303157,1024845
2026-03-03T09:44:00,5482,43960733,1004894
2026-03-03T09:45:00,5203,47935979,989929
2026-03-03T09:46:00,5406,48299359,1042636
2026-03-03T09:47:00,5437,49232987,1143647
2026-03-03T09:48:00,5249,45985080,1089074
2026-03-03T09:49:00,5840,45968973,981290
2026-03-03T09:50:00,5752,45541528,1130755
2026-03-03T09:51:00,5767,48982485,983852
2026-03-03T09:52:00,5607,48489869,996196
2026-03-03T09:53:00,5741,47535636,1122297
2026-03-03T09:54:00,5724,50709564,1146410
2026-03-03T09:55:00,6202,50521182,1198974
2026-03-03T09:56:00,7180,52719093,1206315
2026-03-03T09:57:00,7122,52476300,1143762
2026-03-03T09:58:00,7065,52740907,1161840
2026-03-03T09:59:00,7389,52828694,1135838
2026-03-03T10:00:00,7456,53812248,1196122
2026-03-03T10:01:00,7467,54263378,1233792
2026-03-03T10:02:00,7570,53004783,1220764
2026-03-03T10:03:00,7578,53279436,1304947
2026-03-03T10:04:00,7891,51032166,1156287
2026-03-03T10:05:00,7378,54522673,1245036
2026-03-03T10:06:00,7674,55721372,1296426
2026-03-03T10:07:00,7231,55161303,1214500
2026-03-03T10:08:00,7093,53407255,1213946
2026-03-03T10:09:00,7384,59370533,1099306
2026-03-03T10:10:00,7422,58900653,1210030
2026-03-03T10:11:00,7663,57274740,1168277
2026-03-03T10:12:00,7510,54384008,1224080
2026-03-03T10:13:00,7552,53563565,1148361
2026-03-03T10:14:00,7296,52651939,1197265
2026-03-03T10:15:00,7109,51126318,1146847
2026-03-03T10:16:00,7492,52937905,1308680
2026-03-03T10:17:00,7090,53594972,1241470
2026-03-03T10:18:00,7710,57122535,1243925
2026-03-03T10:19:00,7620,53659491,1125883
2026-03-03T10:20:00,7425,52621971,1116428
2026-03-03T10:21:00,7245,53700488,1252673
2026-03-03T10:22:00,6912,50555705,1122026
2026-03-03T10:23:00,7147,52505125,1272012
2026-03-03T10:24:00,8214,58151614,1243502
2026-03-03T10:25:00,7977,55434855,1226462
2026-03-03T10:26:00,7313,54158433,1153968
2026-03-03T10:27:00,7605,54226332,1312997
2026-03-03T10:28:00,7509,54567698,1216103
2026-03-03T10:29:00,7137,54284000,1235444
2026-03-03T10:30:00,7243,52880957,1244524
2026-03-03T10:31:00,7903,54279400,1214064
2026-03-03T10:32:00,7435,55491360,1198062
2026-03-03T10:33:00,7457,54396538,1224849
2026-03-03T10:34:00,7592,51512314,1248852
2026-03-03T10:35:00,7236,51328283,1225281
2026-03-03T10:36:00,7421,53342877,1259218
2026-03-03T10:37:00,7689,57455079,1294338
2026-03-03T10:38:00,7865,56549689,1258422
2026-03-03T10:39:00,7433,57770060,1304488
2026-03-03T10:40:00,7529,59345058,1279941
2026-03-03T10:41:00,7239,56864282,1189626
2026-03-03T10:42:00,7818,58464538,1298444
2026-03-03T10:43:00,7593,57146225,1273160
2026-03-03T10:44:00,7609,57429208,1272502
2026-03-03T10:45:00,7390,56483698,1256830
2026-03-03T10:46:00,7604,59205004,1436641
2026-03-03T10:47:00,7658,52540860,1343881
2026-03-03T10:48:00,7902,54070548,1293950
2026-03-03T10:49:00,7410,56973550,1290839
2026-03-03T10:50:00,7831,60093195,1219257
2026-03-03T10:51:00,7257,57436737,1255515
2026-03-03T10:52:00,7314,57329564,1241158
2026-03-03T10:53:00,7292,58289176,1304744
2026-03-03T10:54:00,7963,59050837,1403948
2026-03-03T10:55:00,8268,60830683,1452377
2026-03-03T10:56:00,7541,57260533,1378594
2026-03-03T10:57:00,8090,56360103,1435988
2026-03-03T10:58:00,8559,57537148,1487664
2026-03-03T10:59:00,7487,57745670,1324929
2026-03-03T11:00:00,7333,57364138,1206903
2026-03-03T11:01:00,7839,60301085,1350804
2026-03-03T11:02:00,8131,60235049,1303870
2026-03-03T11:03:00,7470,56783292,1291667
2026-03-03T11:04:00,7251,56821281,1299773
2026-03-03T11:05:00,7262,59645263,1238150
2026-03-03T11:06:00,8011,58436196,1398737
2026-03-03T11:07:00,7636,60248165,1243884
2026-03-03T11:08:00,7583,60360580,1321558
2026-03-03T11:09:00,7438,58602517,1371584
2026-03-03T11:10:00,7541,58640777,1282553
2026-03-03T11:11:00,8012,59637463,1409031
2026-03-03T11:12:00,7470,60200391,1406187
2026-03-03T11:13:00,7856,62375973,1425007
2026-03-03T11:14:00,7937,58638128,1346478
2026-03-03T11:15:00,7860,61221039,1295755
2026-03-03T11:16:00,8162,63633511,1349810
2026-03-03T11:17:00,8409,63510464,1334944
2026-03-03T11:18:00,8708,65090300,1318335
2026-03-03T11:19:00,8596,67752927,1335113
2026-03-03T11:20:00,8194,60689242,1308924
2026-03-03T11:21:00,8751,62001268,1421528
2026-03-03T11:22:00,9763,66300714,1339565
2026-03-03T11:23:00,8290,64310589,1298068
2026-03-03T11:24:00,8306,65155615,1353865
2026-03-03T11:25:00,8348,63382838,1366934
2026-03-03T11:26:00,8461,63420646,1360415
2026-03-03T11:27:00,8403,61431891,1343766
2026-03-03T11:28:00,8641,61571061,1343656
2026-03-03T11:29:00,8500,63621813,1378348
2026-03-03T11:30:00,8926,66364254,1390618
2026-03-03T11:31:00,8561,68033484,1395909
2026-03-03T11:32:00,8716,64626764,1487491
2026-03-03T11:33:00,8405,63355022,1370019
2026-03-03T11:34:00,8185,65607620,1489064
2026-03-03T11:35:00,8003,61594817,1385236
2026-03-03T11:36:00,8109,61307330,1333433
2026-03-03T11:37:00,8215,59968713,1422082
2026-03-03T11:38:00,8001,62356176,1477724
2026-03-03T11:39:00,7833,60005644,1340855
2026-03-03T11:40:00,8052,62393453,1500027
2026-03-03T11:41:00,7491,61743310,1391380
2026-03-03T11:42:00,7626,62839535,1317821
2026-03-03T11:43:00,7870,62509914,1374799
2026-03-03T11:44:00,8075,64304611,1419324
2026-03-03T11:45:00,7882,65037011,1302543
2026-03-03T11:46:00,8081,65238554,1398293
2026-03-03T11:47:00,7653,59224716,1253440
2026-03-03T11:48:00,7646,61836807,1365403
2026-03-03T11:49:00,7490,62306484,1372046
2026-03-03T11:50:00,7451,60914968,1298595
2026-03-03T11:51:00,7084,56990783,1371404
2026-03-03T11:52:00,7196,58574576,1255821
2026-03-03T11:53:00,7002,56584577,1243547
2026-03-03T11:54:00,6850,55959107,1155807
2026-03-03T11:55:00,7072,58498620,1181733
2026-03-03T11:56:00,6691,57388745,1157219
2026-03-03T11:57:00,6771,56352776,1114231
2026-03-03T11:58:00,6808,56982989,1153235
2026-03-03T11:59:00,6506,53495805,1085489
2026-03-03T12:00:00,6413,53993280,1003246
2026-03-03T12:01:00,5970,52308811,982725
2026-03-03T12:02:00,5526,51710442,933557
2026-03-03T12:03:00,5290,47199642,932411
2026-03-03T12:04:00,5240,45855871,976146
2026-03-03T12:05:00,5085,45702578,893882
2026-03-03T12:06:00,5073,46631451,815943
2026-03-03T12:07:00,5315,44497629,888068
2026-03-03T12:08:00,4758,40542706,765288
2026-03-03T12:09:00,5121,42598877,892728
2026-03-03T12:10:00,4944,38637902,785087
2026-03-03T12:11:00,5056,40060771,733831
2026-03-03T12:12:00,4968,37108591,715784
2026-03-03T12:13:00,4868,38866128,780737
2026-03-03T12:14:00,4607,36152752,740286
2026-03-03T12:15:00,4626,35084360,694447
2026-03-03T12:16:00,4387,32941802,759769
2026-03-03T12:17:00,4529,33978239,661955
2026-03-03T12:18:00,4644,33002186,733097
2026-03-03T12:19:00,4520,30654451,642686
2026-03-03T12:20:00,4516,31875689,645274
2026-03-03T12:21:00,4199,29921527,639100
2026-03-03T12:22:00,4257,28210695,716831
2026-03-03T12:23:00,4319,29312150,706066
2026-03-03T12:24:00,3832,24524097,636358
2026-03-03T12:25:00,3672,24415704,609918
2026-03-03T12:26:00,3644,23248027,524545
2026-03-03T12:27:00,3671,22284827,557246
2026-03-03T12:28:00,3598,22587486,529654
2026-03-03T12:29:00,3340,20720443,508230
2026-03-03T12:30:00,3554,22145851,555481
2026-03-03T12:31:00,3628,19412764,579425
2026-03-03T12:32:00,3394,19752931,474392
2026-03-03T12:33:00,3696,21125294,519751
2026-03-03T12:34:00,3548,20175286,524368
2026-03-03T12:35:00,3707,17859736,484535
2026-03-03T12:36:00,3482,16957282,478807
2026-03-03T12:37:00,3486,15129639,484389
2026-03-03T12:38:00,3398,15046172,421234
2026-03-03T12:39:00,3248,15566327,394006
2026-03-03T12:40:00,2993,13816792,397336
2026-03-03T12:41:00,2940,14382983,433768
2026-03-03T12:42:00,3019,14497007,375933
2026-03-03T12:43:00,3106,13631886,397947
2026-03-03T12:44:00,3283,14813185,445691
2026-03-03T12:45:00,3464,14481103,428770
2026-03-03T12:46:00,3347,14344799,388285
2026-03-03T12:47:00,3316,15580113,397130
2026-03-03T12:48:00,3329,14844132,460352
2026-03-03T12:49:00,3740,14298978,412337
2026-03-03T12:50:00,3313,14079953,425600
2026-03-03T12:51:00,3242,14228666,476804
2026-03-03T12:52:00,3545,13708631,405419
2026-03-03T12:53:00,3224,13858855,383067
2026-03-03T12:54:00,2964,13471272,399565
2026-03-03T12:55:00,2939,12487287,413922
2026-03-03T12:56:00,2901,14750952,362301
2026-03-03T12:57:00,3057,12565563,397328
2026-03-03T12:58:00,2961,12648916,381976
2026-03-03T12:59:00,2628,12853153,405028
2026-03-03T13:00:00,3041,13186660,338914
2026-03-03T13:01:00,3095,13991335,325668
2026-03-03T13:02:00,2889,12236280,359992
2026-03-03T13:03:00,3120,11497069,343934
2026-03-03T13:04:00,3069,11383921,352839
2026-03-03T13:05:00,2687,10070200,333487
2026-03-03T13:06:00,2610,10635272,332418
2026-03-03T13:07:00,2773,10701906,322092
2026-03-03T13:08:00,2813,10932012,361980
2026-03-03T13:09:00,2715,12272414,389051
2026-03-03T13:10:00,2879,12171715,353506
2026-03-03T13:11:00,2654,11796008,288544
2026-03-03T13:12:00,2598,10394998,293854
2026-03-03T13:13:00,2540,10826471,338617
2026-03-03T13:14:00,2545,10218030,332593
2026-03-03T13:15:00,2543,10853823,322308
2026-03-03T13:16:00,2820,10592676,354011
2026-03-03T13:17:00,2789,10324096,312572
2026-03-03T13:18:00,2725,11557319,344067
2026-03-03T13:19:00,2653,9544342,360660
2026-03-03T13:20:00,2727,10317778,368801
2026-03-03T13:21:00,2786,9778481,312175
2026-03-03T13:22:00,2855,8525140,330071
2026-03-03T13:23:00,2912,10095631,330071
2026-03-03T13:24:00,2827,10271032,287107
2026-03-03T13:25:00,2703,9639153,306866
2026-03-03T13:26:00,2693,9529146,294995
2026-03-03T13:27:00,2678,9183260,301513
2026-03-03T13:28:00,2601,8373538,292438
2026-03-03T13:29:00,2697,9858529,328728
2026-03-03T13:30:00,2500,8603465,287217
2026-03-03T13:31:00,2793,8032590,321163
2026-03-03T13:32:00,2525,7818212,275826
2026-03-03T13:33:00,2448,9034248,277740
2026-03-03T13:34:00,2548,9726269,295778
2026-03-03T13:35:00,2642,9933136,327947
2026-03-03T13:36:00,2716,10009028,347431
2026-03-03T13:37:00,2869,9346895,347254
2026-03-03T13:38:00,2752,8399297,318544
2026-03-03T13:39:00,2735,8770126,336994
2026-03-03T13:40:00,2711,9554296,384743
2026-03-03T13:41:00,2612,9474054,355354
2026-03-03T13:42:00,2705,9617209,317610
2026-03-03T13:43:00,2861,10041599,350182
2026-03-03T13:44:00,3125,9840353,366010
2026-03-03T13:45:00,3081,11829581,416599
2026-03-03T13:46:00,2961,11977434,371776
2026-03-03T13:47:00,3329,11684199,384604
2026-03-03T13:48:00,3634,13650880,421751
2026-03-03T13:49:00,3457,14804057,421714
2026-03-03T13:50:00,3783,16549620,462273
2026-03-03T13:51:00,3271,14293863,431444
2026-03-03T13:52:00,3572,15340892,459946
2026-03-03T13:53:00,3871,16721187,531810
2026-03-03T13:54:00,3271,16228935,455096
2026-03-03T13:55:00,3229,16085113,449957
2026-03-03T13:56:00,3510,16208820,441894
2026-03-03T13:57:00,3441,16704798,463413
2026-03-03T13:58:00,3440,17256850,532847
2026-03-03T13:59:00,3469,15873180,455066
2026-03-03T14:00:00,3465,16234463,528629
2026-03-03T14:01:00,3446,19740502,524084
2026-03-03T14:02:00,3725,19749914,563287
2026-03-03T14:03:00,3900,22280750,556433
2026-03-03T14:04:00,4025,25185967,671242
2026-03-03T14:05:00,4311,26363580,710257
2026-03-03T14:06:00,4632,32854143,750838
2026-03-03T14:07:00,5117,32019302,836821
2026-03-03T14:08:00,4913,36090738,788499
2026-03-03T14:09:00,5171,39721843,823625
2026-03-03T14:10:00,5466,41293591,930763
2026-03-03T14:11:00,5954,43075979,933730
2026-03-03T14:12:00,5614,44239166,1020909
2026-03-03T14:13:00,5882,49863029,1017267
2026-03-03T14:14:00,6184,45681308,1009440
2026-03-03T14:15:00,5952,46369853,1017547
2026-03-03T14:16:00,6185,50855148,1049725
2026-03-03T14:17:00,6189,46677498,1012807
2026-03-03T14:18:00,6495,51978066,1160006
2026-03-03T14:19:00,6547,48536584,1086951
2026-03-03T14:20:00,7038,49828446,1162909
2026-03-03T14:21:00,7462,53183188,1107576
2026-03-03T14:22:00,6959,51158598,1158883
2026-03-03T14:23:00,7452,51946568,1131001
2026-03-03T14:24:00,7613,54344459,1122258
2026-03-03T14:25:00,6853,51822752,1194723
2026-03-03T14:26:00,6867,53618624,1152361
2026-03-03T14:27:00,7415,55842148,1240158
2026-03-03T14:28:00,7477,59290850,1218943
2026-03-03T14:29:00,7875,57831967,1277987
2026-03-03T14:30:00,7727,58373959,1329948
2026-03-03T14:31:00,7367,58006811,1246477
2026-03-03T14:32:00,7597,62243536,1327833
2026-03-03T14:33:00,7626,61252944,1263334
2026-03-03T14:34:00,8159,58994693,1361910
2026-03-03T14:35:00,7801,60719832,1309950
2026-03-03T14:36:00,7755,59709972,1342802
2026-03-03T14:37:00,8147,60146912,1326422
2026-03-03T14:38:00,8774,62142605,1358247
2026-03-03T14:39:00,8181,62348079,1298728
2026-03-03T14:40:00,8115,64289406,1289820
2026-03-03T14:41:00,8389,65222165,1363078
2026-03-03T14:42:00,8437,63754741,1303048
2026-03-03T14:43:00,8107,61417320,1377238
2026-03-03T14:44:00,8665,63181073,1352671
2026-03-03T14:45:00,8975,64507977,1348911
2026-03-03T14:46:00,8340,67456828,1346452
2026-03-03T14:47:00,7976,66225183,1296837
2026-03-03T14:48:00,8151,63646872,1299078
2026-03-03T14:49:00,8449,68713491,1378296
2026-03-03T14:50:00,8134,67537253,1280816
2026-03-03T14:51:00,8152,65635948,1325169
2026-03-03T14:52:00,8024,64981596,1361096
2026-03-03T14:53:00,7824,62194569,1282596
2026-03-03T14:54:00,7678,64339566,1326616
2026-03-03T14:55:00,7863,63687992,1373595
2026-03-03T14:56:00,8443,67070257,1292504
2026-03-03T14:57:00,7857,64592413,1285674
2026-03-03T14:58:00,7967,63390669,1226791
2026-03-03T14:59:00,7810,66549021,1366024
2026-03-03T15:00:00,7767,65546555,1287165
2026-03-03T15:01:00,7714,60085000,1313730
2026-03-03T15:02:00,7962,68504633,1247317
2026-03-03T15:03:00,8162,66055739,1278803
2026-03-03T15:04:00,7805,64399038,1314163
2026-03-03T15:05:00,7605,63205414,1274307
2026-03-03T15:06:00,8075,64866200,1415890
2026-03-03T15:07:00,8038,64584350,1314670
2026-03-03T15:08:00,8045,67391505,1270535
2026-03-03T15:09:00,8325,65139503,1366828
2026-03-03T15:10:00,8220,67988690,1378138
2026-03-03T15:11:00,7986,66415790,1332437
2026-03-03T15:12:00,7821,66732804,1367119
2026-03-03T15:13:00,8183,71006668,1367211
2026-03-03T15:14:00,8186,68095169,1268931
2026-03-03T15:15:00,7945,67993516,1343379
2026-03-03T15:16:00,7632,67172766,1272561
2026-03-03T15:17:00,7675,69060608,1291736
2026-03-03T15:18:00,7839,70811012,1386842
2026-03-03T15:19:00,7789,68379990,1241634
2026-03-03T15:20:00,7618,69383461,1382657
2026-03-03T15:21:00,7872,67935905,1426062
2026-03-03T15:22:00,7992,65704682,1396041
2026-03-03T15:23:00,8181,67650717,1406545
2026-03-03T15:24:00,8111,66589956,1361018
2026-03-03T15:25:00,7765,64909569,1223683
2026-03-03T15:26:00,7620,66641160,1293611
2026-03-03T15:27:00,7792,68775858,1272840
2026-03-03T15:28:00,7761,68210470,1232611
2026-03-03T15:29:00,7747,69490517,1365631
2026-03-03T15:30:00,8357,70353659,1346001
2026-03-03T15:31:00,8031,70010880,1391931
2026-03-03T15:32:00,7971,68182014,1325325
2026-03-03T15:33:00,7731,64580370,1284635
2026-03-03T15:34:00,7963,70515729,1270109
2026-03-03T15:35:00,8025,69490063,1338315
2026-03-03T15:36:00,8157,68136121,1364748
2026-03-03T15:37:00,7822,63716733,1323857
2026-03-03T15:38:00,7696,66585759,1277434
2026-03-03T15:39:00,7686,69841689,1364457
2026-03-03T15:40:00,7739,70723785,1421263
2026-03-03T15:41:00,8042,66949666,1275213
2026-03-03T15:42:00,7684,67049918,1363759
2026-03-03T15:43:00,7605,66185005,1484849
2026-03-03T15:44:00,7513,65696348,1440636
2026-03-03T15:45:00,7513,65294811,1455140
2026-03-03T15:46:00,7430,62147560,1279596
2026-03-03T15:47:00,7180,59438700,1580315
2026-03-03T15:48:00,7706,66033188,1399536
2026-03-03T15:49:00,7735,63464047,1320294
2026-03-03T15:50:00,7408,65940822,1347125
2026-03-03T15:51:00,7498,66779138,1318477
2026-03-03T15:52:00,7345,66859647,1502948
2026-03-03T15:53:00,7496,68790664,1469336
2026-03-03T15:54:00,7387,66665551,1516044
2026-03-03T15:55:00,7192,68612283,1449259
2026-03-03T15:56:00,7704,66185330,1471555
2026-03-03T15:57:00,7046,67088173,1424957
2026-03-03T15:58:00,7661,67602677,1363306
2026-03-03T15:59:00,7169,64064294,1310000
2026-03-03T16:00:00,7328,62135327,1213971
2026-03-03T16:01:00,7627,63113202,1212358
2026-03-03T16:02:00,7900,61847067,1261321
2026-03-03T16:03:00,7222,61313168,1355526
2026-03-03T16:04:00,7873,62160309,1324793
2026-03-03T16:05:00,7486,61286693,1341485
2026-03-03T16:06:00,7837,62767369,1294735
2026-03-03T16:07:00,7656,61121818,1294928
2026-03-03T16:08:00,7201,59361079,1307453
2026-03-03T16:09:00,7206,61195598,1413094
2026-03-03T16:10:00,7585,61919900,1319147
2026-03-03T16:11:00,7226,62063236,1319147
2026-03-03T16:12:00,8030,63596850,1251804
2026-03-03T16:13:00,7553,59019958,1285737
2026-03-03T16:14:00,7613,60544373,1295263
2026-03-03T16:15:00,7873,61939225,1353325
2026-03-03T16:16:00,7424,60416466,1272828
2026-03-03T16:17:00,7225,61337467,1281074
2026-03-03T16:18:00,7406,66834305,1415627
2026-03-03T16:19:00,7431,64713251,1250452
2026-03-03T16:20:00,7542,64541810,1294654
2026-03-03T16:21:00,7615,64155895,1362836
2026-03-03T16:22:00,7287,63435199,1422972
2026-03-03T16:23:00,7168,64367993,1337005
2026-03-03T16:24:00,7866,66839718,1439551
2026-03-03T16:25:00,7363,66953594,1387974
2026-03-03T16:26:00,7569,68720708,1442908
2026-03-03T16:27:00,7403,64488423,1326123
2026-03-03T16:28:00,7667,63227703,1403443
2026-03-03T16:29:00,7785,65565910,1378061
2026-03-03T16:30:00,7873,66736351,1433705
2026-03-03T16:31:00,7543,62175679,1311781
2026-03-03T16:32:00,7687,64944254,1384239
2026-03-03T16:33:00,7431,65031695,1373931
2026-03-03T16:34:00,7511,67608916,1237233
2026-03-03T16:35:00,7793,70809219,1330004
2026-03-03T16:36:00,7696,71032388,1450715
2026-03-03T16:37:00,7445,69340017,1305942
2026-03-03T16:38:00,7522,69363337,1355380
2026-03-03T16:39:00,7040,64886875,1249458
2026-03-03T16:40:00,7521,68331645,1329900
2026-03-03T16:41:00,7655,67889341,1472652
2026-03-03T16:42:00,7481,65880553,1346285
2026-03-03T16:43:00,7187,65552167,1253095
2026-03-03T16:44:00,7346,64777640,1339388
2026-03-03T16:45:00,7393,66339837,1358424
2026-03-03T16:46:00,7233,66508506,1341361
2026-03-03T16:47:00,7633,65654798,1281541
2026-03-03T16:48:00,7529,67263267,1332971
2026-03-03T16:49:00,7777,64954709,1344009
2026-03-03T16:50:00,8173,66737179,1352542
2026-03-03T16:51:00,7628,64908076,1355011
2026-03-03T16:52:00,7711,64648051,1260910
2026-03-03T16:53:00,7899,67514012,1428641
2026-03-03T16:54:00,7545,61327231,1315104
2026-03-03T16:55:00,8140,66675400,1430056
2026-03-03T16:56:00,8178,67966550,1460592
2026-03-03T16:57:00,8063,66165658,1465542
2026-03-03T16:58:00,8306,66783743,1319206
2026-03-03T16:59:00,8315,66267004,1380349
2026-03-03T17:00:00,8007,67112387,1294375
2026-03-03T17:01:00,7852,63933314,1318696
2026-03-03T17:02:00,7555,59114453,1384387
2026-03-03T17:03:00,7449,63717344,1369096
2026-03-03T17:04:00,7563,63435513,1322336
2026-03-03T17:05:00,7928,65043856,1378510
2026-03-03T17:06:00,7618,64345188,1277269
2026-03-03T17:07:00,7388,63707898,1324131
2026-03-03T17:08:00,7593,62221462,1308688
2026-03-03T17:09:00,8166,62407428,1391019
2026-03-03T17:10:00,8158,61824348,1378036
2026-03-03T17:11:00,7739,64810211,1366487
2026-03-03T17:12:00,7739,64485026,1347983
2026-03-03T17:13:00,7958,66528567,1245575
2026-03-03T17:14:00,7661,65591426,1287894
2026-03-03T17:15:00,8011,64266563,1312864
2026-03-03T17:16:00,7972,65610772,1341261
2026-03-03T17:17:00,7564,67160120,1344883
2026-03-03T17:18:00,7659,66810172,1533150
2026-03-03T17:19:00,7508,62946841,1321751
2026-03-03T17:20:00,8189,65959625,1380380
2026-03-03T17:21:00,7774,64795166,1366931
2026-03-03T17:22:00,7281,61430450,1392916
2026-03-03T17:23:00,7616,64503952,1295827
2026-03-03T17:24:00,7756,65542943,1378414
2026-03-03T17:25:00,6863,61785780,1405673
2026-03-03T17:26:00,7181,62999665,1327501
2026-03-03T17:27:00,7153,63118801,1364463
2026-03-03T17:28:00,7383,61962159,1342135
2026-03-03T17:29:00,7318,63169644,1356240
2026-03-03T17:30:00,7582,61005562,1388137
2026-03-03T17:31:00,7008,60367045,1286511
2026-03-03T17:32:00,6977,57829825,1324347
2026-03-03T17:33:00,7394,54837721,1334793
2026-03-03T17:34:00,6658,57565580,1385746
2026-03-03T17:35:00,6751,58075070,1234508
2026-03-03T17:36:00,6428,56884310,1561968
2026-03-03T17:37:00,6357,57001864,1319147
2026-03-03T17:38:00,6793,54751072,1354332
2026-03-03T17:39:00,6750,57510050,1251310
2026-03-03T17:40:00,6578,54473037,1256594
2026-03-03T17:41:00,6194,53571093,1259406
2026-03-03T17:42:00,6490,54293286,1349430
2026-03-03T17:43:00,6341,51771724,1282450
2026-03-03T17:44:00,6382,54905764,1261328
2026-03-03T17:45:00,6383,53749755,1231273
2026-03-03T17:46:00,6309,51404668,1239281
2026-03-03T17:47:00,6132,52520115,1157003
2026-03-03T17:48:00,5932,50346168,1092187
2026-03-03T17:49:00,5725,50697184,1154834
2026-03-03T17:50:00,5833,53556701,1163412
2026-03-03T17:51:00,6012,51130436,1251845
2026-03-03T17:52:00,6129,52834951,1196186
2026-03-03T17:53:00,6081,50683256,1064157
2026-03-03T17:54:00,6009,44844307,1025991
2026-03-03T17:55:00,6530,50751616,1071975
2026-03-03T17:56:00,6525,47559011,1118405
2026-03-03T17:57:00,6408,45648239,1187868
2026-03-03T17:58:00,6151,45629785,1022784
2026-03-03T17:59:00,6166,48837847,1125271
2026-03-03T18:00:00,5708,44138289,1104856
2026-03-03T18:01:00,5323,43054062,1095567
2026-03-03T18:02:00,5216,41257894,958713
2026-03-03T18:03:00,5177,40832777,1021594
2026-03-03T18:04:00,5154,40577611,1080037
2026-03-03T18:05:00,5321,40047346,1050793
2026-03-03T18:06:00,5204,40284377,1001112
2026-03-03T18:07:00,5280,39150798,885356
2026-03-03T18:08:00,5111,41456364,914051
2026-03-03T18:09:00,4998,39514098,909896
2026-03-03T18:10:00,4805,37268943,823978
2026-03-03T18:11:00,4391,39061691,824562
2026-03-03T18:12:00,4418,35689796,827752
2026-03-03T18:13:00,4694,35452827,833548
2026-03-03T18:14:00,4808,36955242,849859
2026-03-03T18:15:00,5128,37111297,757011
2026-03-03T18:16:00,4718,34076508,805721
2026-03-03T18:17:00,4411,32979424,754129
2026-03-03T18:18:00,4527,32349343,754404
2026-03-03T18:19:00,4542,34034992,784411
2026-03-03T18:20:00,4370,31703380,731679
2026-03-03T18:21:00,4154,31731820,804593
2026-03-03T18:22:00,4279,29806485,670912
2026-03-03T18:23:00,4742,30873855,665836
2026-03-03T18:24:00,4975,30305763,758252
2026-03-03T18:25:00,4671,29081604,741190
2026-03-03T18:26:00,4406,29780832,660331
2026-03-03T18:27:00,4250,27169057,760150
2026-03-03T18:28:00,4357,28286585,695394
2026-03-03T18:29:00,4338,28217395,675956
2026-03-03T18:30:00,4339,28017885,737464
2026-03-03T18:31:00,4263,25595964,712990
2026-03-03T18:32:00,4203,28399795,639720
2026-03-03T18:33:00,4179,28687642,708838
2026-03-03T18:34:00,4186,24039620,609407
2026-03-03T18:35:00,4151,27065477,627670
2026-03-03T18:36:00,4193,27148998,645705
2026-03-03T18:37:00,4257,25312186,663409
2026-03-03T18:38:00,3811,29262714,633527
2026-03-03T18:39:00,3845,27150049,624902
2026-03-03T18:40:00,3810,26011919,707622
2026-03-03T18:41:00,4100,29346672,780415
2026-03-03T18:42:00,3802,27349926,577908
2026-03-03T18:43:00,3774,24592129,586542
2026-03-03T18:44:00,3765,25689986,676594
2026-03-03T18:45:00,3843,23793607,651378
2026-03-03T18:46:00,4230,29441542,700384
2026-03-03T18:47:00,4222,28837285,741716
2026-03-03T18:48:00,4159,29055334,777423
2026-03-03T18:49:00,3869,29032740,784325
2026-03-03T18:50:00,3564,28241077,737109
2026-03-03T18:51:00,3723,27872314,679892
2026-03-03T18:52:00,3927,26861439,655137
2026-03-03T18:53:00,3717,26422620,606334
2026-03-03T18:54:00,3659,24618348,711738
2026-03-03T18:55:00,3929,24838216,591013
2026-03-03T18:56:00,3633,23687450,616452
2026-03-03T18:57:00,3714,25275320,643071
2026-03-03T18:58:00,3793,26623815,667313
2026-03-03T18:59:00,4282,27065870,675936
2026-03-03T19:00:00,4282,26722439,667313
2026-03-03T19:01:00,4391,27065870,675936
2026-03-03T19:02:00,4132,25772727,672194
2026-03-03T19:03:00,3871,27473786,667719
2026-03-03T19:04:00,3988,27708417,605729
2026-03-03T19:05:00,4058,26209388,717586
2026-03-03T19:06:00,4031,28588071,805764
2026-03-03T19:07:00,4354,28949307,789839
2026-03-03T19:08:00,4320,27445885,718801
2026-03-03T19:09:00,4692,29817830,709700
2026-03-03T19:10:00,5177,33906722,851200
2026-03-03T19:11:00,4780,32521040,793978
2026-03-03T19:12:00,4678,33914917,866095
2026-03-03T19:13:00,4940,35792542,872176
2026-03-03T19:14:00,4886,32846016,908622
2026-03-03T19:15:00,4849,31747366,924013
2026-03-03T19:16:00,4592,33852631,951843
2026-03-03T19:17:00,4615,30285672,872770
2026-03-03T19:18:00,4669,31756748,921695
2026-03-03T19:19:00,4801,31011175,890248
2026-03-03T19:20:00,5417,29793709,884057
2026-03-03T19:21:00,5257,33711540,954526
2026-03-03T19:22:00,4786,33574881,899918
2026-03-03T19:23:00,4412,33734607,880003
2026-03-03T19:24:00,4554,32936725,923768
2026-03-03T19:25:00,4636,32658957,878569
2026-03-03T19:26:00,4479,32567277,944164
2026-03-03T19:27:00,4701,34200450,846641
2026-03-03T19:28:00,4910,32079954,850501
2026-03-03T19:29:00,4589,33941696,845161
2026-03-03T19:30:00,4542,34548061,813501
2026-03-03T19:31:00,4769,34378257,794432
2026-03-03T19:32:00,5337,35554484,885882
2026-03-03T19:33:00,5320,31422840,887940
2026-03-03T19:34:00,4598,34318970,850392
2026-03-03T19:35:00,4341,33339477,825693
2026-03-03T19:36:00,4372,34751860,863461
2026-03-03T19:37:00,4247,34492470,910893
2026-03-03T19:38:00,4376,34368794,773902
2026-03-03T19:39:00,4290,34178348,826440
2026-03-03T19:40:00,4939,33279301,859141
2026-03-03T19:41:00,4686,34948114,832683
2026-03-03T19:42:00,4402,35644071,811938
2026-03-03T19:43:00,4871,35505913,848413
2026-03-03T19:44:00,5107,36951355,919704
2026-03-03T19:45:00,4363,36405349,867793
2026-03-03T19:46:00,4489,36719248,771241
2026-03-03T19:47:00,5161,36648722,841650
2026-03-03T19:48:00,4586,34757844,796017
2026-03-03T19:49:00,4492,36907705,848714
2026-03-03T19:50:00,4865,36350878,820504
2026-03-03T19:51:00,4872,36987167,752599
2026-03-03T19:52:00,5183,36915068,770608
2026-03-03T19:53:00,5017,37611536,839900
2026-03-03T19:54:00,5634,37098247,854161
2026-03-03T19:55:00,5547,43376560,956781
2026-03-03T19:56:00,5107,40039413,821890
2026-03-03T19:57:00,5302,40857239,867885
2026-03-03T19:58:00,4679,37652865,853110
2026-03-03T19:59:00,5105,39209118,907871
2026-03-03T20:00:00,5194,40905788,815381
2026-03-03T20:01:00,4943,38772700,955834
2026-03-03T20:02:00,4654,36759342,828270
2026-03-03T20:03:00,5144,37685020,861422
2026-03-03T20:04:00,5219,36554421,851110
2026-03-03T20:05:00,4922,39174257,790700
2026-03-03T20:06:00,5292,40984738,892494
2026-03-03T20:07:00,5194,37373706,827225
2026-03-03T20:08:00,4680,35123088,836402
2026-03-03T20:09:00,4582,38968789,786782
2026-03-03T20:10:00,4618,35749792,877734
2026-03-03T20:11:00,4504,35067057,751807
2026-03-03T20:12:00,4405,34353491,806061
2026-03-03T20:13:00,4578,36172794,884925
2026-03-03T20:14:00,4632,35309442,867347
2026-03-03T20:15:00,4367,36026638,877953
2026-03-03T20:16:00,4574,34373048,894027
2026-03-03T20:17:00,4637,36597133,899538
2026-03-03T20:18:00,5199,37050107,833464
2026-03-03T20:19:00,5401,34800674,906994
2026-03-03T20:20:00,5118,35309486,906100
2026-03-03T20:21:00,5013,37734804,821154
2026-03-03T20:22:00,5453,37315386,912244
2026-03-03T20:23:00,5520,39402180,866172
2026-03-03T20:24:00,5188,36896030,895170
2026-03-03T20:25:00,5196,37096936,811472
2026-03-03T20:26:00,5075,36306249,751038
2026-03-03T20:27:00,4759,35832571,827282
2026-03-03T20:28:00,4657,37431432,831465
2026-03-03T20:29:00,4711,41515226,888624
2026-03-03T20:30:00,4928,37867627,936224
2026-03-03T20:31:00,4491,36248146,838582
2026-03-03T20:32:00,4397,35030284,833413
2026-03-03T20:33:00,4631,34066091,758264
2026-03-03T20:34:00,4364,33036524,785490
2026-03-03T20:35:00,4303,34532452,731974
2026-03-03T20:36:00,4311,35304372,717083
2026-03-03T20:37:00,4114,33402683,729036
2026-03-03T20:38:00,4154,33365185,909882
2026-03-03T20:39:00,4434,33811838,862432
2026-03-03T20:40:00,5635,33465333,896044
2026-03-03T20:41:00,5427,31395138,841404
2026-03-03T20:42:00,4636,29806325,710264
2026-03-03T20:43:00,4171,29207722,720786
2026-03-03T20:44:00,4104,29540213,709735
2026-03-03T20:45:00,4036,28809412,770222
2026-03-03T20:46:00,3913,29524354,720589
2026-03-03T20:47:00,3842,29269231,639522
2026-03-03T20:48:00,4226,26996083,709118
2026-03-03T20:49:00,3728,30206912,712058
2026-03-03T20:50:00,4019,29102794,693282
2026-03-03T20:51:00,3856,29946016,691788
2026-03-03T20:52:00,3904,31232754,716592
2026-03-03T20:53:00,3989,29989920,701727
2026-03-03T20:54:00,3942,29141469,678376
2026-03-03T20:55:00,3836,30990419,710391
2026-03-03T20:56:00,3956,28799833,673415
2026-03-03T20:57:00,3865,27807784,704576
2026-03-03T20:58:00,3942,28339012,609753
2026-03-03T20:59:00,3881,28857853,681575
2026-03-03T21:00:00,4337,29514130,740208
2026-03-03T21:01:00,4134,27020645,666078
2026-03-03T21:02:00,4006,27219986,661406
2026-03-03T21:03:00,3807,26848026,613346
2026-03-03T21:04:00,3926,26605846,661770
2026-03-03T21:05:00,3794,27955197,639694
2026-03-03T21:06:00,3779,26574420,603113
2026-03-03T21:07:00,3900,26852113,564824
2026-03-03T21:08:00,3777,25564804,605143
2026-03-03T21:09:00,3594,25683510,529459
2026-03-03T21:10:00,3465,26064528,562255
2026-03-03T21:11:00,3670,28349346,539525
2026-03-03T21:12:00,3877,26871865,576185
2026-03-03T21:13:00,3631,22951218,558573
2026-03-03T21:14:00,3666,25196177,574699
2026-03-03T21:15:00,3646,23856123,532442
2026-03-03T21:16:00,3534,24542639,606964
2026-03-03T21:17:00,4089,23038868,596395
2026-03-03T21:18:00,4132,20382278,577129
2026-03-03T21:19:00,4028,19745966,551172
2026-03-03T21:20:00,3539,21839462,561689
2026-03-03T21:21:00,3364,21004752,572846
2026-03-03T21:22:00,3582,19332840,551754
2026-03-03T21:23:00,3466,18885052,516626
2026-03-03T21:24:00,3624,16648621,495534
2026-03-03T21:25:00,3564,19586953,641598
2026-03-03T21:26:00,3729,20023601,545535
2026-03-03T21:27:00,3712,19783275,680518
2026-03-03T21:28:00,4156,19034904,617699
2026-03-03T21:29:00,4575,18364935,652022
2026-03-03T21:30:00,4124,17209201,599873
2026-03-03T21:31:00,3831,15903395,506994
2026-03-03T21:32:00,3538,15707674,550604
2026-03-03T21:33:00,3443,18008166,512846
2026-03-03T21:34:00,3384,18444741,484941
2026-03-03T21:35:00,3655,18043469,559574
2026-03-03T21:36:00,3598,16692527,491836
2026-03-03T21:37:00,3371,19362457,557181
2026-03-03T21:38:00,3473,17462057,519644
2026-03-03T21:39:00,3314,16671945,580786
2026-03-03T21:40:00,3245,16051375,528336
2026-03-03T21:41:00,3318,15786266,518944
2026-03-03T21:42:00,3247,15996059,557258
2026-03-03T21:43:00,3364,14830557,483224
2026-03-03T21:44:00,3259,15972184,526885
2026-03-03T21:45:00,3610,16352575,488508
2026-03-03T21:46:00,3338,17187635,430517
2026-03-03T21:47:00,3150,15216829,435819
2026-03-03T21:48:00,3157,16086336,460158
2026-03-03T21:49:00,3105,14822606,428357
2026-03-03T21:50:00,3589,17151874,618558
2026-03-03T21:51:00,3644,17811533,563713
2026-03-03T21:52:00,3474,17299798,525048
2026-03-03T21:53:00,3339,16220956,453318
2026-03-03T21:54:00,3227,17227369,440527
2026-03-03T21:55:00,3214,18006288,357260
2026-03-03T21:56:00,3803,18243442,536241
2026-03-03T21:57:00,3502,14838050,396777
2026-03-03T21:58:00,3379,12802461,408088
2026-03-03T21:59:00,3237,16318268,411984
2026-03-03T22:00:00,3542,17687115,481334
2026-03-03T22:01:00,3521,18248718,447154
2026-03-03T22:02:00,3687,18194292,453040
2026-03-03T22:03:00,3795,18008357,442180
2026-03-03T22:04:00,3818,19074376,452533
2026-03-03T22:05:00,3618,16548827,478615
2026-03-03T22:06:00,3254,16378251,454153
2026-03-03T22:07:00,3404,16317060,478192
2026-03-03T22:08:00,3551,14576079,555951
2026-03-03T22:09:00,3604,12565610,402959
2026-03-03T22:10:00,3948,14044013,418148
2026-03-03T22:11:00,3380,16361950,410613
2026-03-03T22:12:00,3297,13793176,442930
2026-03-03T22:13:00,2987,12571334,459357
2026-03-03T22:14:00,2936,13397128,375708
2026-03-03T22:15:00,3693,14878165,429227
2026-03-03T22:16:00,4147,15944851,451655
2026-03-03T22:17:00,3462,13571201,382725
2026-03-03T22:18:00,3070,13768273,419709
2026-03-03T22:19:00,2926,12809643,379190
2026-03-03T22:20:00,3571,13874903,453827
2026-03-03T22:21:00,3164,14858430,437489
2026-03-03T22:22:00,3258,13561280,383716
2026-03-03T22:23:00,3676,14409440,382011
2026-03-03T22:24:00,3730,14288200,438837
2026-03-03T22:25:00,3778,14157566,456217
2026-03-03T22:26:00,3320,13602966,362226
2026-03-03T22:27:00,3388,12640060,448075
2026-03-03T22:28:00,3355,12100664,432312
2026-03-03T22:29:00,3213,12657959,442501
2026-03-03T22:30:00,2987,11987599,355241
2026-03-03T22:31:00,3017,12765875,384319
2026-03-03T22:32:00,2848,11768715,364580
2026-03-03T22:33:00,2996,11929334,343885
2026-03-03T22:34:00,2884,12129041,425239
2026-03-03T22:35:00,3176,13523622,395975
2026-03-03T22:36:00,3019,10443977,392169
2026-03-03T22:37:00,3035,10774383,424945
2026-03-03T22:38:00,3364,11804720,403639
2026-03-03T22:39:00,3199,10744568,421755
2026-03-03T22:40:00,3004,13556784,366848
2026-03-03T22:41:00,2870,10428420,389354
2026-03-03T22:42:00,3248,10695927,400027
2026-03-03T22:43:00,2744,9961758,392966
2026-03-03T22:44:00,3078,12684668,404216
2026-03-03T22:45:00,3018,11873912,426459
2026-03-03T22:46:00,3376,12005719,413641
2026-03-03T22:47:00,2827,12070689,400223
2026-03-03T22:48:00,3047,13345694,426722
2026-03-03T22:49:00,3111,12100239,339892
2026-03-03T22:50:00,2834,11301570,375035
2026-03-03T22:51:00,3116,10138378,350577
2026-03-03T22:52:00,2997,10375369,346039
2026-03-03T22:53:00,3009,10435823,353487
2026-03-03T22:54:00,3216,9454163,347453
2026-03-03T22:55:00,3302,9942039,393053
2026-03-03T22:56:00,3174,8751195,422330
2026-03-03T22:57:00,3138,8687902,352529
2026-03-03T22:58:00,2995,7628656,364074
2026-03-03T22:59:00,3268,10689567,380380
2026-03-03T23:00:00,3269,11270938,338064
2026-03-03T23:01:00,3306,9078589,313364
2026-03-03T23:02:00,3103,7704974,330807
2026-03-03T23:03:00,3145,8121499,370500
2026-03-03T23:04:00,3136,7817673,298108
2026-03-03T23:05:00,2988,7432972,434763
2026-03-03T23:06:00,3189,7638087,363007
2026-03-03T23:07:00,3547,9862139,351247
2026-03-03T23:08:00,3599,9673535,343436
2026-03-03T23:09:00,3352,10109695,339997
2026-03-03T23:10:00,3333,9128741,323289
2026-03-03T23:11:00,3319,8688093,370428
2026-03-03T23:12:00,3362,8452660,353056
2026-03-03T23:13:00,3437,9278427,365421
2026-03-03T23:14:00,3583,9785214,347237
2026-03-03T23:15:00,3328,9493451,392696
2026-03-03T23:16:00,3263,8681144,365157
2026-03-03T23:17:00,3253,8628320,363064
2026-03-03T23:18:00,3449,8528883,334719
2026-03-03T23:19:00,3224,8462963,463997
2026-03-03T23:20:00,3130,8887287,404529
2026-03-03T23:21:00,3314,8705874,342944
2026-03-03T23:22:00,3267,9193904,381514
2026-03-03T23:23:00,3371,8035740,361913
2026-03-03T23:24:00,3254,8414132,356364
2026-03-03T23:25:00,3256,8843437,374286
2026-03-03T23:26:00,3119,8883010,352829
2026-03-03T23:27:00,3271,8071213,355553
2026-03-03T23:28:00,3235,8564156,380165
2026-03-03T23:29:00,3426,8790132,374900
2026-03-03T23:30:00,3226,8482936,300612
2026-03-03T23:31:00,3284,7265930,319894
2026-03-03T23:32:00,3469,8483969,437815
2026-03-03T23:33:00,3125,7305786,332764
2026-03-03T23:34:00,3252,7969527,345934
2026-03-03T23:35:00,3088,7900982,340935
2026-03-03T23:36:00,3235,7406873,369794
2026-03-03T23:37:00,3361,6799977,370085
2026-03-03T23:38:00,3388,7912183,463350
2026-03-03T23:39:00,3418,7474373,373360
2026-03-03T23:40:00,3463,7194675,386282
2026-03-03T23:41:00,3465,7243263,395709
2026-03-03T23:42:00,3373,6624234,363279
2026-03-03T23:43:00,3454,6221427,344394
2026-03-03T23:44:00,4006,7724868,345678
2026-03-03T23:45:00,4245,8691422,482350
2026-03-03T23:46:00,3778,7962759,384326
2026-03-03T23:47:00,3761,8257403,331543
2026-03-03T23:48:00,3450,7934454,330990
2026-03-03T23:49:00,3395,8030732,331744
2026-03-03T23:50:00,3500,8308923,325786
2026-03-03T23:51:00,3310,7624641,311671
2026-03-03T23:52:00,3438,9340714,359954
2026-03-03T23:53:00,3192,7866409,323946
2026-03-03T23:54:00,3172,7960084,352332
2026-03-03T23:55:00,3059,6786154,307559
2026-03-03T23:56:00,3279,7217452,282926
2026-03-03T23:57:00,3224,6974972,287946
2026-03-03T23:58:00,3032,7942692,344032
2026-03-03T23:59:00,3100,7750558,366159
